﻿{"data":[{"Properties":{"domain":"XOR.COM","name":"WMIPOLICY@XOR.COM","distinguishedname":"CN=WMIPOLICY,CN=SYSTEM,DC=XOR,DC=COM","domainsid":"S-1-5-21-2293535422-227910474-3663383505","highvalue":false},"ChildObjects":[],"Aces":[{"PrincipalSID":"S-1-5-21-2293535422-227910474-3663383505-512","PrincipalType":"Group","RightName":"Owns","IsInherited":false},{"PrincipalSID":"S-1-5-21-2293535422-227910474-3663383505-512","PrincipalType":"Group","RightName":"GenericAll","IsInherited":false},{"PrincipalSID":"S-1-5-21-2293535422-227910474-3663383505-519","PrincipalType":"Group","RightName":"GenericAll","IsInherited":false}],"ObjectIdentifier":"014A6A94-FBB1-4A89-9F21-B82337ED16CE","IsDeleted":false,"IsACLProtected":true},{"Properties":{"domain":"XOR.COM","name":"ADMINSDHOLDER@XOR.COM","distinguishedname":"CN=ADMINSDHOLDER,CN=SYSTEM,DC=XOR,DC=COM","domainsid":"S-1-5-21-2293535422-227910474-3663383505","highvalue":false},"ChildObjects":[],"Aces":[{"PrincipalSID":"S-1-5-21-2293535422-227910474-3663383505-512","PrincipalType":"Group","RightName":"Owns","IsInherited":false},{"PrincipalSID":"XOR.COM-S-1-5-32-544","PrincipalType":"Group","RightName":"WriteDacl","IsInherited":false},{"PrincipalSID":"XOR.COM-S-1-5-32-544","PrincipalType":"Group","RightName":"WriteOwner","IsInherited":false},{"PrincipalSID":"S-1-5-21-2293535422-227910474-3663383505-512","PrincipalType":"Group","RightName":"WriteDacl","IsInherited":false},{"PrincipalSID":"S-1-5-21-2293535422-227910474-3663383505-512","PrincipalType":"Group","RightName":"WriteOwner","IsInherited":false},{"PrincipalSID":"S-1-5-21-2293535422-227910474-3663383505-519","PrincipalType":"Group","RightName":"WriteDacl","IsInherited":false},{"PrincipalSID":"S-1-5-21-2293535422-227910474-3663383505-519","PrincipalType":"Group","RightName":"WriteOwner","IsInherited":false}],"ObjectIdentifier":"D9E2549A-68FD-4985-AE7F-93C5624F3F8E","IsDeleted":false,"IsACLProtected":true},{"Properties":{"domain":"XOR.COM","name":"SOM@XOR.COM","distinguishedname":"CN=SOM,CN=WMIPOLICY,CN=SYSTEM,DC=XOR,DC=COM","domainsid":"S-1-5-21-2293535422-227910474-3663383505","highvalue":false},"ChildObjects":[],"Aces":[{"PrincipalSID":"S-1-5-21-2293535422-227910474-3663383505-512","PrincipalType":"Group","RightName":"Owns","IsInherited":false},{"PrincipalSID":"S-1-5-21-2293535422-227910474-3663383505-512","PrincipalType":"Group","RightName":"GenericAll","IsInherited":false},{"PrincipalSID":"S-1-5-21-2293535422-227910474-3663383505-519","PrincipalType":"Group","RightName":"GenericAll","IsInherited":false}],"ObjectIdentifier":"16772456-3D12-47FA-8021-4CE3CDF10F0E","IsDeleted":false,"IsACLProtected":true},{"Properties":{"domain":"XOR.COM","name":"POLICYTYPE@XOR.COM","distinguishedname":"CN=POLICYTYPE,CN=WMIPOLICY,CN=SYSTEM,DC=XOR,DC=COM","domainsid":"S-1-5-21-2293535422-227910474-3663383505","highvalue":false},"ChildObjects":[],"Aces":[{"PrincipalSID":"S-1-5-21-2293535422-227910474-3663383505-512","PrincipalType":"Group","RightName":"Owns","IsInherited":false},{"PrincipalSID":"S-1-5-21-2293535422-227910474-3663383505-512","PrincipalType":"Group","RightName":"WriteDacl","IsInherited":false},{"PrincipalSID":"S-1-5-21-2293535422-227910474-3663383505-512","PrincipalType":"Group","RightName":"WriteOwner","IsInherited":false},{"PrincipalSID":"S-1-5-21-2293535422-227910474-3663383505-519","PrincipalType":"Group","RightName":"GenericAll","IsInherited":true},{"PrincipalSID":"S-1-5-21-2293535422-227910474-3663383505-512","PrincipalType":"Group","RightName":"GenericAll","IsInherited":true}],"ObjectIdentifier":"A6FCF6F6-B109-402A-9AD0-6A7EE31F5D7F","IsDeleted":false,"IsACLProtected":false},{"Properties":{"domain":"XOR.COM","name":"WMIGPO@XOR.COM","distinguishedname":"CN=WMIGPO,CN=WMIPOLICY,CN=SYSTEM,DC=XOR,DC=COM","domainsid":"S-1-5-21-2293535422-227910474-3663383505","highvalue":false},"ChildObjects":[],"Aces":[{"PrincipalSID":"S-1-5-21-2293535422-227910474-3663383505-512","PrincipalType":"Group","RightName":"Owns","IsInherited":false},{"PrincipalSID":"S-1-5-21-2293535422-227910474-3663383505-512","PrincipalType":"Group","RightName":"WriteDacl","IsInherited":false},{"PrincipalSID":"S-1-5-21-2293535422-227910474-3663383505-512","PrincipalType":"Group","RightName":"WriteOwner","IsInherited":false},{"PrincipalSID":"S-1-5-21-2293535422-227910474-3663383505-519","PrincipalType":"Group","RightName":"GenericAll","IsInherited":true},{"PrincipalSID":"S-1-5-21-2293535422-227910474-3663383505-512","PrincipalType":"Group","RightName":"GenericAll","IsInherited":true}],"ObjectIdentifier":"F9FD7846-73E4-4CC6-9050-AD9C9B3FF1E5","IsDeleted":false,"IsACLProtected":false},{"Properties":{"domain":"XOR.COM","name":"RAS AND IAS SERVERS ACCESS CHECK@XOR.COM","distinguishedname":"CN=RAS AND IAS SERVERS ACCESS CHECK,CN=SYSTEM,DC=XOR,DC=COM","domainsid":"S-1-5-21-2293535422-227910474-3663383505","highvalue":false},"ChildObjects":[],"Aces":[{"PrincipalSID":"S-1-5-21-2293535422-227910474-3663383505-512","PrincipalType":"Group","RightName":"Owns","IsInherited":false},{"PrincipalSID":"S-1-5-21-2293535422-227910474-3663383505-553","PrincipalType":"Group","RightName":"WriteDacl","IsInherited":false},{"PrincipalSID":"S-1-5-21-2293535422-227910474-3663383505-553","PrincipalType":"Group","RightName":"WriteOwner","IsInherited":false},{"PrincipalSID":"S-1-5-21-2293535422-227910474-3663383505-519","PrincipalType":"Group","RightName":"GenericAll","IsInherited":true},{"PrincipalSID":"XOR.COM-S-1-5-32-544","PrincipalType":"Group","RightName":"WriteDacl","IsInherited":true},{"PrincipalSID":"XOR.COM-S-1-5-32-544","PrincipalType":"Group","RightName":"WriteOwner","IsInherited":true}],"ObjectIdentifier":"3D5C8EBB-47AE-4B3C-90EF-DA56F7579760","IsDeleted":false,"IsACLProtected":false},{"Properties":{"domain":"XOR.COM","name":"PROGRAM DATA@XOR.COM","distinguishedname":"CN=PROGRAM DATA,DC=XOR,DC=COM","domainsid":"S-1-5-21-2293535422-227910474-3663383505","highvalue":false},"ChildObjects":[],"Aces":[{"PrincipalSID":"S-1-5-21-2293535422-227910474-3663383505-512","PrincipalType":"Group","RightName":"Owns","IsInherited":false},{"PrincipalSID":"S-1-5-21-2293535422-227910474-3663383505-512","PrincipalType":"Group","RightName":"GenericAll","IsInherited":false},{"PrincipalSID":"S-1-5-21-2293535422-227910474-3663383505-519","PrincipalType":"Group","RightName":"GenericAll","IsInherited":true},{"PrincipalSID":"XOR.COM-S-1-5-32-544","PrincipalType":"Group","RightName":"WriteDacl","IsInherited":true},{"PrincipalSID":"XOR.COM-S-1-5-32-544","PrincipalType":"Group","RightName":"WriteOwner","IsInherited":true}],"ObjectIdentifier":"A7F89879-1CA6-4A93-B983-6C53924988E3","IsDeleted":false,"IsACLProtected":false},{"Properties":{"domain":"XOR.COM","name":"MICROSOFT@XOR.COM","distinguishedname":"CN=MICROSOFT,CN=PROGRAM DATA,DC=XOR,DC=COM","domainsid":"S-1-5-21-2293535422-227910474-3663383505","highvalue":false},"ChildObjects":[],"Aces":[{"PrincipalSID":"S-1-5-21-2293535422-227910474-3663383505-512","PrincipalType":"Group","RightName":"Owns","IsInherited":false},{"PrincipalSID":"S-1-5-21-2293535422-227910474-3663383505-512","PrincipalType":"Group","RightName":"GenericAll","IsInherited":false},{"PrincipalSID":"S-1-5-21-2293535422-227910474-3663383505-519","PrincipalType":"Group","RightName":"GenericAll","IsInherited":true},{"PrincipalSID":"XOR.COM-S-1-5-32-544","PrincipalType":"Group","RightName":"WriteDacl","IsInherited":true},{"PrincipalSID":"XOR.COM-S-1-5-32-544","PrincipalType":"Group","RightName":"WriteOwner","IsInherited":true}],"ObjectIdentifier":"803038D9-24A5-443B-8051-7B30748DD6D8","IsDeleted":false,"IsACLProtected":false},{"Properties":{"domain":"XOR.COM","name":"MANAGED SERVICE ACCOUNTS@XOR.COM","distinguishedname":"CN=MANAGED SERVICE ACCOUNTS,DC=XOR,DC=COM","domainsid":"S-1-5-21-2293535422-227910474-3663383505","highvalue":false},"ChildObjects":[],"Aces":[{"PrincipalSID":"S-1-5-21-2293535422-227910474-3663383505-512","PrincipalType":"Group","RightName":"Owns","IsInherited":false},{"PrincipalSID":"S-1-5-21-2293535422-227910474-3663383505-512","PrincipalType":"Group","RightName":"WriteDacl","IsInherited":false},{"PrincipalSID":"S-1-5-21-2293535422-227910474-3663383505-512","PrincipalType":"Group","RightName":"WriteOwner","IsInherited":false},{"PrincipalSID":"S-1-5-21-2293535422-227910474-3663383505-519","PrincipalType":"Group","RightName":"GenericAll","IsInherited":true},{"PrincipalSID":"XOR.COM-S-1-5-32-544","PrincipalType":"Group","RightName":"WriteDacl","IsInherited":true},{"PrincipalSID":"XOR.COM-S-1-5-32-544","PrincipalType":"Group","RightName":"WriteOwner","IsInherited":true}],"ObjectIdentifier":"F45848F7-70A7-4B82-8DCE-98527AA571D0","IsDeleted":false,"IsACLProtected":false},{"Properties":{"domain":"XOR.COM","name":"COMPARTITIONS@XOR.COM","distinguishedname":"CN=COMPARTITIONS,CN=SYSTEM,DC=XOR,DC=COM","domainsid":"S-1-5-21-2293535422-227910474-3663383505","highvalue":false},"ChildObjects":[],"Aces":[{"PrincipalSID":"S-1-5-21-2293535422-227910474-3663383505-512","PrincipalType":"Group","RightName":"Owns","IsInherited":false},{"PrincipalSID":"S-1-5-21-2293535422-227910474-3663383505-512","PrincipalType":"Group","RightName":"WriteDacl","IsInherited":false},{"PrincipalSID":"S-1-5-21-2293535422-227910474-3663383505-512","PrincipalType":"Group","RightName":"WriteOwner","IsInherited":false},{"PrincipalSID":"S-1-5-21-2293535422-227910474-3663383505-519","PrincipalType":"Group","RightName":"GenericAll","IsInherited":true},{"PrincipalSID":"XOR.COM-S-1-5-32-544","PrincipalType":"Group","RightName":"WriteDacl","IsInherited":true},{"PrincipalSID":"XOR.COM-S-1-5-32-544","PrincipalType":"Group","RightName":"WriteOwner","IsInherited":true}],"ObjectIdentifier":"B7F4B126-7DD7-4D46-9D32-DB62CB6B2DDC","IsDeleted":false,"IsACLProtected":false},{"Properties":{"domain":"XOR.COM","name":"WINSOCKSERVICES@XOR.COM","distinguishedname":"CN=WINSOCKSERVICES,CN=SYSTEM,DC=XOR,DC=COM","domainsid":"S-1-5-21-2293535422-227910474-3663383505","highvalue":false},"ChildObjects":[],"Aces":[{"PrincipalSID":"S-1-5-21-2293535422-227910474-3663383505-512","PrincipalType":"Group","RightName":"Owns","IsInherited":false},{"PrincipalSID":"S-1-5-21-2293535422-227910474-3663383505-512","PrincipalType":"Group","RightName":"WriteDacl","IsInherited":false},{"PrincipalSID":"S-1-5-21-2293535422-227910474-3663383505-512","PrincipalType":"Group","RightName":"WriteOwner","IsInherited":false},{"PrincipalSID":"S-1-5-21-2293535422-227910474-3663383505-519","PrincipalType":"Group","RightName":"GenericAll","IsInherited":true},{"PrincipalSID":"XOR.COM-S-1-5-32-544","PrincipalType":"Group","RightName":"WriteDacl","IsInherited":true},{"PrincipalSID":"XOR.COM-S-1-5-32-544","PrincipalType":"Group","RightName":"WriteOwner","IsInherited":true}],"ObjectIdentifier":"413DC90C-2FBC-4C3F-BED5-7867302CE34E","IsDeleted":false,"IsACLProtected":false},{"Properties":{"domain":"XOR.COM","name":"COMPARTITIONSETS@XOR.COM","distinguishedname":"CN=COMPARTITIONSETS,CN=SYSTEM,DC=XOR,DC=COM","domainsid":"S-1-5-21-2293535422-227910474-3663383505","highvalue":false},"ChildObjects":[],"Aces":[{"PrincipalSID":"S-1-5-21-2293535422-227910474-3663383505-512","PrincipalType":"Group","RightName":"Owns","IsInherited":false},{"PrincipalSID":"S-1-5-21-2293535422-227910474-3663383505-512","PrincipalType":"Group","RightName":"WriteDacl","IsInherited":false},{"PrincipalSID":"S-1-5-21-2293535422-227910474-3663383505-512","PrincipalType":"Group","RightName":"WriteOwner","IsInherited":false},{"PrincipalSID":"S-1-5-21-2293535422-227910474-3663383505-519","PrincipalType":"Group","RightName":"GenericAll","IsInherited":true},{"PrincipalSID":"XOR.COM-S-1-5-32-544","PrincipalType":"Group","RightName":"WriteDacl","IsInherited":true},{"PrincipalSID":"XOR.COM-S-1-5-32-544","PrincipalType":"Group","RightName":"WriteOwner","IsInherited":true}],"ObjectIdentifier":"834CC78E-782F-41BA-94C2-61CC2B32B5C2","IsDeleted":false,"IsACLProtected":false},{"Properties":{"domain":"XOR.COM","name":"RPCSERVICES@XOR.COM","distinguishedname":"CN=RPCSERVICES,CN=SYSTEM,DC=XOR,DC=COM","domainsid":"S-1-5-21-2293535422-227910474-3663383505","highvalue":false},"ChildObjects":[],"Aces":[{"PrincipalSID":"S-1-5-21-2293535422-227910474-3663383505-512","PrincipalType":"Group","RightName":"Owns","IsInherited":false},{"PrincipalSID":"S-1-5-21-2293535422-227910474-3663383505-512","PrincipalType":"Group","RightName":"WriteDacl","IsInherited":false},{"PrincipalSID":"S-1-5-21-2293535422-227910474-3663383505-512","PrincipalType":"Group","RightName":"WriteOwner","IsInherited":false},{"PrincipalSID":"S-1-5-21-2293535422-227910474-3663383505-519","PrincipalType":"Group","RightName":"GenericAll","IsInherited":true},{"PrincipalSID":"XOR.COM-S-1-5-32-544","PrincipalType":"Group","RightName":"WriteDacl","IsInherited":true},{"PrincipalSID":"XOR.COM-S-1-5-32-544","PrincipalType":"Group","RightName":"WriteOwner","IsInherited":true}],"ObjectIdentifier":"5750768D-BBE9-45D7-822D-719638A65B3C","IsDeleted":false,"IsACLProtected":false},{"Properties":{"domain":"XOR.COM","name":"POLICIES@XOR.COM","distinguishedname":"CN=POLICIES,CN=SYSTEM,DC=XOR,DC=COM","domainsid":"S-1-5-21-2293535422-227910474-3663383505","highvalue":false},"ChildObjects":[],"Aces":[{"PrincipalSID":"S-1-5-21-2293535422-227910474-3663383505-512","PrincipalType":"Group","RightName":"Owns","IsInherited":false},{"PrincipalSID":"S-1-5-21-2293535422-227910474-3663383505-512","PrincipalType":"Group","RightName":"WriteDacl","IsInherited":false},{"PrincipalSID":"S-1-5-21-2293535422-227910474-3663383505-512","PrincipalType":"Group","RightName":"WriteOwner","IsInherited":false},{"PrincipalSID":"S-1-5-21-2293535422-227910474-3663383505-519","PrincipalType":"Group","RightName":"GenericAll","IsInherited":true},{"PrincipalSID":"XOR.COM-S-1-5-32-544","PrincipalType":"Group","RightName":"WriteDacl","IsInherited":true},{"PrincipalSID":"XOR.COM-S-1-5-32-544","PrincipalType":"Group","RightName":"WriteOwner","IsInherited":true}],"ObjectIdentifier":"5A0BDE3E-7BAB-4419-BB64-43817AFCAEB3","IsDeleted":false,"IsACLProtected":false},{"Properties":{"domain":"XOR.COM","name":"PSPS@XOR.COM","distinguishedname":"CN=PSPS,CN=SYSTEM,DC=XOR,DC=COM","domainsid":"S-1-5-21-2293535422-227910474-3663383505","highvalue":false},"ChildObjects":[],"Aces":[{"PrincipalSID":"S-1-5-21-2293535422-227910474-3663383505-512","PrincipalType":"Group","RightName":"Owns","IsInherited":false},{"PrincipalSID":"S-1-5-21-2293535422-227910474-3663383505-512","PrincipalType":"Group","RightName":"GenericAll","IsInherited":false},{"PrincipalSID":"S-1-5-21-2293535422-227910474-3663383505-519","PrincipalType":"Group","RightName":"GenericAll","IsInherited":true},{"PrincipalSID":"XOR.COM-S-1-5-32-544","PrincipalType":"Group","RightName":"WriteDacl","IsInherited":true},{"PrincipalSID":"XOR.COM-S-1-5-32-544","PrincipalType":"Group","RightName":"WriteOwner","IsInherited":true}],"ObjectIdentifier":"B578063F-523A-4144-99CD-C96A62B959D3","IsDeleted":false,"IsACLProtected":false},{"Properties":{"domain":"XOR.COM","name":"POLICYTEMPLATE@XOR.COM","distinguishedname":"CN=POLICYTEMPLATE,CN=WMIPOLICY,CN=SYSTEM,DC=XOR,DC=COM","domainsid":"S-1-5-21-2293535422-227910474-3663383505","highvalue":false},"ChildObjects":[],"Aces":[{"PrincipalSID":"S-1-5-21-2293535422-227910474-3663383505-512","PrincipalType":"Group","RightName":"Owns","IsInherited":false},{"PrincipalSID":"S-1-5-21-2293535422-227910474-3663383505-512","PrincipalType":"Group","RightName":"WriteDacl","IsInherited":false},{"PrincipalSID":"S-1-5-21-2293535422-227910474-3663383505-512","PrincipalType":"Group","RightName":"WriteOwner","IsInherited":false},{"PrincipalSID":"S-1-5-21-2293535422-227910474-3663383505-519","PrincipalType":"Group","RightName":"GenericAll","IsInherited":true},{"PrincipalSID":"S-1-5-21-2293535422-227910474-3663383505-512","PrincipalType":"Group","RightName":"GenericAll","IsInherited":true}],"ObjectIdentifier":"61E3CA1D-FB91-4A9E-936A-7773D8E7CDBD","IsDeleted":false,"IsACLProtected":false},{"Properties":{"domain":"XOR.COM","name":"SYSTEM@XOR.COM","distinguishedname":"CN=SYSTEM,DC=XOR,DC=COM","domainsid":"S-1-5-21-2293535422-227910474-3663383505","highvalue":false},"ChildObjects":[],"Aces":[{"PrincipalSID":"S-1-5-21-2293535422-227910474-3663383505-512","PrincipalType":"Group","RightName":"Owns","IsInherited":false},{"PrincipalSID":"S-1-5-21-2293535422-227910474-3663383505-512","PrincipalType":"Group","RightName":"WriteDacl","IsInherited":false},{"PrincipalSID":"S-1-5-21-2293535422-227910474-3663383505-512","PrincipalType":"Group","RightName":"WriteOwner","IsInherited":false},{"PrincipalSID":"S-1-5-21-2293535422-227910474-3663383505-519","PrincipalType":"Group","RightName":"GenericAll","IsInherited":true},{"PrincipalSID":"XOR.COM-S-1-5-32-544","PrincipalType":"Group","RightName":"WriteDacl","IsInherited":true},{"PrincipalSID":"XOR.COM-S-1-5-32-544","PrincipalType":"Group","RightName":"WriteOwner","IsInherited":true}],"ObjectIdentifier":"93638B76-12DA-4B57-9906-0238DDE4B024","IsDeleted":false,"IsACLProtected":false},{"Properties":{"domain":"XOR.COM","name":"IP SECURITY@XOR.COM","distinguishedname":"CN=IP SECURITY,CN=SYSTEM,DC=XOR,DC=COM","domainsid":"S-1-5-21-2293535422-227910474-3663383505","highvalue":false},"ChildObjects":[],"Aces":[{"PrincipalSID":"S-1-5-21-2293535422-227910474-3663383505-512","PrincipalType":"Group","RightName":"Owns","IsInherited":false},{"PrincipalSID":"S-1-5-21-2293535422-227910474-3663383505-512","PrincipalType":"Group","RightName":"WriteDacl","IsInherited":false},{"PrincipalSID":"S-1-5-21-2293535422-227910474-3663383505-512","PrincipalType":"Group","RightName":"WriteOwner","IsInherited":false},{"PrincipalSID":"S-1-5-21-2293535422-227910474-3663383505-519","PrincipalType":"Group","RightName":"GenericAll","IsInherited":true},{"PrincipalSID":"XOR.COM-S-1-5-32-544","PrincipalType":"Group","RightName":"WriteDacl","IsInherited":true},{"PrincipalSID":"XOR.COM-S-1-5-32-544","PrincipalType":"Group","RightName":"WriteOwner","IsInherited":true}],"ObjectIdentifier":"9D7D3042-5230-4DD2-93F7-C8FD92D9D5C7","IsDeleted":false,"IsACLProtected":false},{"Properties":{"domain":"XOR.COM","name":"MEETINGS@XOR.COM","distinguishedname":"CN=MEETINGS,CN=SYSTEM,DC=XOR,DC=COM","domainsid":"S-1-5-21-2293535422-227910474-3663383505","highvalue":false},"ChildObjects":[],"Aces":[{"PrincipalSID":"S-1-5-21-2293535422-227910474-3663383505-512","PrincipalType":"Group","RightName":"Owns","IsInherited":false},{"PrincipalSID":"S-1-5-21-2293535422-227910474-3663383505-512","PrincipalType":"Group","RightName":"WriteDacl","IsInherited":false},{"PrincipalSID":"S-1-5-21-2293535422-227910474-3663383505-512","PrincipalType":"Group","RightName":"WriteOwner","IsInherited":false},{"PrincipalSID":"S-1-5-21-2293535422-227910474-3663383505-519","PrincipalType":"Group","RightName":"GenericAll","IsInherited":true},{"PrincipalSID":"XOR.COM-S-1-5-32-544","PrincipalType":"Group","RightName":"WriteDacl","IsInherited":true},{"PrincipalSID":"XOR.COM-S-1-5-32-544","PrincipalType":"Group","RightName":"WriteOwner","IsInherited":true}],"ObjectIdentifier":"6DAD778E-6F5C-45A7-9590-91816A6A9AB8","IsDeleted":false,"IsACLProtected":false},{"Properties":{"domain":"XOR.COM","name":"COMPUTERS@XOR.COM","distinguishedname":"CN=COMPUTERS,DC=XOR,DC=COM","domainsid":"S-1-5-21-2293535422-227910474-3663383505","highvalue":false},"ChildObjects":[],"Aces":[{"PrincipalSID":"S-1-5-21-2293535422-227910474-3663383505-512","PrincipalType":"Group","RightName":"Owns","IsInherited":false},{"PrincipalSID":"S-1-5-21-2293535422-227910474-3663383505-512","PrincipalType":"Group","RightName":"WriteDacl","IsInherited":false},{"PrincipalSID":"S-1-5-21-2293535422-227910474-3663383505-512","PrincipalType":"Group","RightName":"WriteOwner","IsInherited":false},{"PrincipalSID":"S-1-5-21-2293535422-227910474-3663383505-519","PrincipalType":"Group","RightName":"GenericAll","IsInherited":true},{"PrincipalSID":"XOR.COM-S-1-5-32-544","PrincipalType":"Group","RightName":"WriteDacl","IsInherited":true},{"PrincipalSID":"XOR.COM-S-1-5-32-544","PrincipalType":"Group","RightName":"WriteOwner","IsInherited":true}],"ObjectIdentifier":"83A3BA7F-101D-401D-BE43-CD32BBCCE5CC","IsDeleted":false,"IsACLProtected":false},{"Properties":{"domain":"XOR.COM","name":"FOREIGNSECURITYPRINCIPALS@XOR.COM","distinguishedname":"CN=FOREIGNSECURITYPRINCIPALS,DC=XOR,DC=COM","domainsid":"S-1-5-21-2293535422-227910474-3663383505","highvalue":false},"ChildObjects":[],"Aces":[{"PrincipalSID":"S-1-5-21-2293535422-227910474-3663383505-512","PrincipalType":"Group","RightName":"Owns","IsInherited":false},{"PrincipalSID":"S-1-5-21-2293535422-227910474-3663383505-512","PrincipalType":"Group","RightName":"GenericAll","IsInherited":false},{"PrincipalSID":"S-1-5-21-2293535422-227910474-3663383505-519","PrincipalType":"Group","RightName":"GenericAll","IsInherited":true},{"PrincipalSID":"XOR.COM-S-1-5-32-544","PrincipalType":"Group","RightName":"WriteDacl","IsInherited":true},{"PrincipalSID":"XOR.COM-S-1-5-32-544","PrincipalType":"Group","RightName":"WriteOwner","IsInherited":true}],"ObjectIdentifier":"58EF7356-9AE0-40E9-9406-14D7B0F608E0","IsDeleted":false,"IsACLProtected":false},{"Properties":{"domain":"XOR.COM","name":"USERS@XOR.COM","distinguishedname":"CN=USERS,DC=XOR,DC=COM","domainsid":"S-1-5-21-2293535422-227910474-3663383505","highvalue":false},"ChildObjects":[{"ObjectIdentifier":"S-1-5-21-2293535422-227910474-3663383505-500","ObjectType":"User"},{"ObjectIdentifier":"S-1-5-21-2293535422-227910474-3663383505-571","ObjectType":"Group"},{"ObjectIdentifier":"S-1-5-21-2293535422-227910474-3663383505-517","ObjectType":"Group"},{"ObjectIdentifier":"S-1-5-21-2293535422-227910474-3663383505-522","ObjectType":"Group"},{"ObjectIdentifier":"S-1-5-21-2293535422-227910474-3663383505-572","ObjectType":"Group"},{"ObjectIdentifier":"S-1-5-21-2293535422-227910474-3663383505-1101","ObjectType":"Group"},{"ObjectIdentifier":"S-1-5-21-2293535422-227910474-3663383505-1102","ObjectType":"Group"},{"ObjectIdentifier":"S-1-5-21-2293535422-227910474-3663383505-512","ObjectType":"Group"},{"ObjectIdentifier":"S-1-5-21-2293535422-227910474-3663383505-515","ObjectType":"Group"},{"ObjectIdentifier":"S-1-5-21-2293535422-227910474-3663383505-516","ObjectType":"Group"},{"ObjectIdentifier":"S-1-5-21-2293535422-227910474-3663383505-514","ObjectType":"Group"},{"ObjectIdentifier":"S-1-5-21-2293535422-227910474-3663383505-513","ObjectType":"Group"},{"ObjectIdentifier":"S-1-5-21-2293535422-227910474-3663383505-519","ObjectType":"Group"},{"ObjectIdentifier":"S-1-5-21-2293535422-227910474-3663383505-527","ObjectType":"Group"},{"ObjectIdentifier":"S-1-5-21-2293535422-227910474-3663383505-498","ObjectType":"Group"},{"ObjectIdentifier":"S-1-5-21-2293535422-227910474-3663383505-520","ObjectType":"Group"},{"ObjectIdentifier":"S-1-5-21-2293535422-227910474-3663383505-501","ObjectType":"User"},{"ObjectIdentifier":"S-1-5-21-2293535422-227910474-3663383505-526","ObjectType":"Group"},{"ObjectIdentifier":"S-1-5-21-2293535422-227910474-3663383505-502","ObjectType":"User"},{"ObjectIdentifier":"S-1-5-21-2293535422-227910474-3663383505-525","ObjectType":"Group"},{"ObjectIdentifier":"S-1-5-21-2293535422-227910474-3663383505-553","ObjectType":"Group"},{"ObjectIdentifier":"S-1-5-21-2293535422-227910474-3663383505-521","ObjectType":"Group"},{"ObjectIdentifier":"S-1-5-21-2293535422-227910474-3663383505-518","ObjectType":"Group"}],"Aces":[{"PrincipalSID":"S-1-5-21-2293535422-227910474-3663383505-512","PrincipalType":"Group","RightName":"Owns","IsInherited":false},{"PrincipalSID":"S-1-5-21-2293535422-227910474-3663383505-512","PrincipalType":"Group","RightName":"WriteDacl","IsInherited":false},{"PrincipalSID":"S-1-5-21-2293535422-227910474-3663383505-512","PrincipalType":"Group","RightName":"WriteOwner","IsInherited":false},{"PrincipalSID":"S-1-5-21-2293535422-227910474-3663383505-519","PrincipalType":"Group","RightName":"GenericAll","IsInherited":true},{"PrincipalSID":"XOR.COM-S-1-5-32-544","PrincipalType":"Group","RightName":"WriteDacl","IsInherited":true},{"PrincipalSID":"XOR.COM-S-1-5-32-544","PrincipalType":"Group","RightName":"WriteOwner","IsInherited":true}],"ObjectIdentifier":"CB68CDCE-9C25-4312-AD40-B31929491564","IsDeleted":false,"IsACLProtected":false}],"meta":{"methods":29675,"type":"containers","count":22,"version":5}}