﻿{"data":[{"Properties":{"domain":"XOR.COM","name":"DEFAULT DOMAIN POLICY@XOR.COM","distinguishedname":"CN={31B2F340-016D-11D2-945F-00C04FB984F9},CN=POLICIES,CN=SYSTEM,DC=XOR,DC=COM","domainsid":"S-1-5-21-2293535422-227910474-3663383505","highvalue":false,"description":null,"whencreated":1558356962,"gpcpath":"\\\\XOR.COM\\SYSVOL\\XOR.COM\\POLICIES\\{31B2F340-016D-11D2-945F-00C04FB984F9}"},"Aces":[{"PrincipalSID":"S-1-5-21-2293535422-227910474-3663383505-512","PrincipalType":"Group","RightName":"Owns","IsInherited":false},{"PrincipalSID":"S-1-5-21-2293535422-227910474-3663383505-512","PrincipalType":"Group","RightName":"WriteDacl","IsInherited":false},{"PrincipalSID":"S-1-5-21-2293535422-227910474-3663383505-512","PrincipalType":"Group","RightName":"WriteOwner","IsInherited":false},{"PrincipalSID":"S-1-5-21-2293535422-227910474-3663383505-512","PrincipalType":"Group","RightName":"GenericWrite","IsInherited":false},{"PrincipalSID":"S-1-5-21-2293535422-227910474-3663383505-512","PrincipalType":"Group","RightName":"WriteDacl","IsInherited":false},{"PrincipalSID":"S-1-5-21-2293535422-227910474-3663383505-512","PrincipalType":"Group","RightName":"WriteOwner","IsInherited":false},{"PrincipalSID":"S-1-5-21-2293535422-227910474-3663383505-512","PrincipalType":"Group","RightName":"GenericWrite","IsInherited":false},{"PrincipalSID":"S-1-5-21-2293535422-227910474-3663383505-519","PrincipalType":"Group","RightName":"WriteDacl","IsInherited":false},{"PrincipalSID":"S-1-5-21-2293535422-227910474-3663383505-519","PrincipalType":"Group","RightName":"WriteOwner","IsInherited":false},{"PrincipalSID":"S-1-5-21-2293535422-227910474-3663383505-519","PrincipalType":"Group","RightName":"GenericWrite","IsInherited":false}],"ObjectIdentifier":"6ED6F0A4-D88F-4564-97F0-BE1BFC55AB90","IsDeleted":false,"IsACLProtected":true},{"Properties":{"domain":"XOR.COM","name":"DEFAULT DOMAIN CONTROLLERS POLICY@XOR.COM","distinguishedname":"CN={6AC1786C-016F-11D2-945F-00C04FB984F9},CN=POLICIES,CN=SYSTEM,DC=XOR,DC=COM","domainsid":"S-1-5-21-2293535422-227910474-3663383505","highvalue":false,"description":null,"whencreated":1558356962,"gpcpath":"\\\\XOR.COM\\SYSVOL\\XOR.COM\\POLICIES\\{6AC1786C-016F-11D2-945F-00C04FB984F9}"},"Aces":[{"PrincipalSID":"S-1-5-21-2293535422-227910474-3663383505-512","PrincipalType":"Group","RightName":"Owns","IsInherited":false},{"PrincipalSID":"S-1-5-21-2293535422-227910474-3663383505-512","PrincipalType":"Group","RightName":"WriteDacl","IsInherited":false},{"PrincipalSID":"S-1-5-21-2293535422-227910474-3663383505-512","PrincipalType":"Group","RightName":"WriteOwner","IsInherited":false},{"PrincipalSID":"S-1-5-21-2293535422-227910474-3663383505-512","PrincipalType":"Group","RightName":"GenericWrite","IsInherited":false},{"PrincipalSID":"S-1-5-21-2293535422-227910474-3663383505-512","PrincipalType":"Group","RightName":"WriteDacl","IsInherited":false},{"PrincipalSID":"S-1-5-21-2293535422-227910474-3663383505-512","PrincipalType":"Group","RightName":"WriteOwner","IsInherited":false},{"PrincipalSID":"S-1-5-21-2293535422-227910474-3663383505-512","PrincipalType":"Group","RightName":"GenericWrite","IsInherited":false},{"PrincipalSID":"S-1-5-21-2293535422-227910474-3663383505-519","PrincipalType":"Group","RightName":"WriteDacl","IsInherited":false},{"PrincipalSID":"S-1-5-21-2293535422-227910474-3663383505-519","PrincipalType":"Group","RightName":"WriteOwner","IsInherited":false},{"PrincipalSID":"S-1-5-21-2293535422-227910474-3663383505-519","PrincipalType":"Group","RightName":"GenericWrite","IsInherited":false}],"ObjectIdentifier":"0B82A07A-B380-4DD7-B023-D3EADD9F75F6","IsDeleted":false,"IsACLProtected":true},{"Properties":{"domain":"XOR.COM","name":"WKST_ADMIN@XOR.COM","distinguishedname":"CN={02753174-29D1-4DA1-A113-BDBE760753CF},CN=POLICIES,CN=SYSTEM,DC=XOR,DC=COM","domainsid":"S-1-5-21-2293535422-227910474-3663383505","highvalue":false,"description":null,"whencreated":1558358006,"gpcpath":"\\\\XOR.COM\\SYSVOL\\XOR.COM\\POLICIES\\{02753174-29D1-4DA1-A113-BDBE760753CF}"},"Aces":[{"PrincipalSID":"S-1-5-21-2293535422-227910474-3663383505-512","PrincipalType":"Group","RightName":"Owns","IsInherited":false},{"PrincipalSID":"S-1-5-21-2293535422-227910474-3663383505-512","PrincipalType":"Group","RightName":"WriteDacl","IsInherited":false},{"PrincipalSID":"S-1-5-21-2293535422-227910474-3663383505-512","PrincipalType":"Group","RightName":"WriteOwner","IsInherited":false},{"PrincipalSID":"S-1-5-21-2293535422-227910474-3663383505-512","PrincipalType":"Group","RightName":"GenericWrite","IsInherited":false},{"PrincipalSID":"S-1-5-21-2293535422-227910474-3663383505-519","PrincipalType":"Group","RightName":"WriteDacl","IsInherited":false},{"PrincipalSID":"S-1-5-21-2293535422-227910474-3663383505-519","PrincipalType":"Group","RightName":"WriteOwner","IsInherited":false},{"PrincipalSID":"S-1-5-21-2293535422-227910474-3663383505-519","PrincipalType":"Group","RightName":"GenericWrite","IsInherited":false}],"ObjectIdentifier":"9DDF3573-DB30-424F-8392-06A2D7BB0775","IsDeleted":false,"IsACLProtected":true},{"Properties":{"domain":"XOR.COM","name":"SRV_ADMIN@XOR.COM","distinguishedname":"CN={616D24E8-12F3-4016-9EB9-F58D6D3315A7},CN=POLICIES,CN=SYSTEM,DC=XOR,DC=COM","domainsid":"S-1-5-21-2293535422-227910474-3663383505","highvalue":false,"description":null,"whencreated":1558358178,"gpcpath":"\\\\XOR.COM\\SYSVOL\\XOR.COM\\POLICIES\\{616D24E8-12F3-4016-9EB9-F58D6D3315A7}"},"Aces":[{"PrincipalSID":"S-1-5-21-2293535422-227910474-3663383505-512","PrincipalType":"Group","RightName":"Owns","IsInherited":false},{"PrincipalSID":"S-1-5-21-2293535422-227910474-3663383505-512","PrincipalType":"Group","RightName":"WriteDacl","IsInherited":false},{"PrincipalSID":"S-1-5-21-2293535422-227910474-3663383505-512","PrincipalType":"Group","RightName":"WriteOwner","IsInherited":false},{"PrincipalSID":"S-1-5-21-2293535422-227910474-3663383505-512","PrincipalType":"Group","RightName":"GenericWrite","IsInherited":false},{"PrincipalSID":"S-1-5-21-2293535422-227910474-3663383505-519","PrincipalType":"Group","RightName":"WriteDacl","IsInherited":false},{"PrincipalSID":"S-1-5-21-2293535422-227910474-3663383505-519","PrincipalType":"Group","RightName":"WriteOwner","IsInherited":false},{"PrincipalSID":"S-1-5-21-2293535422-227910474-3663383505-519","PrincipalType":"Group","RightName":"GenericWrite","IsInherited":false}],"ObjectIdentifier":"9F31AD29-DB36-4436-85F7-F6023ED1AB19","IsDeleted":false,"IsACLProtected":true},{"Properties":{"domain":"XOR.COM","name":"LOCALADMIN@XOR.COM","distinguishedname":"CN={FD68AA96-474F-4BCB-9EA1-2C16F49E80E3},CN=POLICIES,CN=SYSTEM,DC=XOR,DC=COM","domainsid":"S-1-5-21-2293535422-227910474-3663383505","highvalue":false,"description":null,"whencreated":1558358287,"gpcpath":"\\\\XOR.COM\\SYSVOL\\XOR.COM\\POLICIES\\{FD68AA96-474F-4BCB-9EA1-2C16F49E80E3}"},"Aces":[{"PrincipalSID":"S-1-5-21-2293535422-227910474-3663383505-512","PrincipalType":"Group","RightName":"Owns","IsInherited":false},{"PrincipalSID":"S-1-5-21-2293535422-227910474-3663383505-512","PrincipalType":"Group","RightName":"WriteDacl","IsInherited":false},{"PrincipalSID":"S-1-5-21-2293535422-227910474-3663383505-512","PrincipalType":"Group","RightName":"WriteOwner","IsInherited":false},{"PrincipalSID":"S-1-5-21-2293535422-227910474-3663383505-512","PrincipalType":"Group","RightName":"GenericWrite","IsInherited":false},{"PrincipalSID":"S-1-5-21-2293535422-227910474-3663383505-519","PrincipalType":"Group","RightName":"WriteDacl","IsInherited":false},{"PrincipalSID":"S-1-5-21-2293535422-227910474-3663383505-519","PrincipalType":"Group","RightName":"WriteOwner","IsInherited":false},{"PrincipalSID":"S-1-5-21-2293535422-227910474-3663383505-519","PrincipalType":"Group","RightName":"GenericWrite","IsInherited":false}],"ObjectIdentifier":"056F402D-8919-41AB-AE1B-327D41EB1FB2","IsDeleted":false,"IsACLProtected":true}],"meta":{"methods":29675,"type":"gpos","count":5,"version":5}}