﻿{"data":[{"Properties":{"domain":"XOR.COM","name":"DAVID@XOR.COM","distinguishedname":"CN=DAVID,OU=ADMINPERSONAL,OU=XORUSR,DC=XOR,DC=COM","domainsid":"S-1-5-21-2293535422-227910474-3663383505","highvalue":false,"samaccountname":"david","description":null,"whencreated":1558357628,"sensitive":false,"dontreqpreauth":false,"passwordnotreqd":false,"unconstraineddelegation":false,"pwdneverexpires":true,"enabled":true,"trustedtoauth":false,"lastlogon":1579666467,"lastlogontimestamp":1579665461,"pwdlastset":1558382828,"serviceprincipalnames":[],"hasspn":false,"displayname":"David","email":null,"title":null,"homedirectory":null,"userpassword":null,"unixpassword":null,"unicodepassword":null,"sfupassword":null,"logonscript":null,"admincount":true,"sidhistory":[]},"AllowedToDelegate":[],"PrimaryGroupSID":"S-1-5-21-2293535422-227910474-3663383505-513","HasSIDHistory":[],"SPNTargets":[],"Aces":[{"PrincipalSID":"S-1-5-21-2293535422-227910474-3663383505-512","PrincipalType":"Group","RightName":"Owns","IsInherited":false},{"PrincipalSID":"XOR.COM-S-1-5-32-544","PrincipalType":"Group","RightName":"WriteDacl","IsInherited":false},{"PrincipalSID":"XOR.COM-S-1-5-32-544","PrincipalType":"Group","RightName":"WriteOwner","IsInherited":false},{"PrincipalSID":"XOR.COM-S-1-5-32-544","PrincipalType":"Group","RightName":"AllExtendedRights","IsInherited":false},{"PrincipalSID":"XOR.COM-S-1-5-32-544","PrincipalType":"Group","RightName":"GenericWrite","IsInherited":false},{"PrincipalSID":"S-1-5-21-2293535422-227910474-3663383505-512","PrincipalType":"Group","RightName":"WriteDacl","IsInherited":false},{"PrincipalSID":"S-1-5-21-2293535422-227910474-3663383505-512","PrincipalType":"Group","RightName":"WriteOwner","IsInherited":false},{"PrincipalSID":"S-1-5-21-2293535422-227910474-3663383505-512","PrincipalType":"Group","RightName":"AllExtendedRights","IsInherited":false},{"PrincipalSID":"S-1-5-21-2293535422-227910474-3663383505-512","PrincipalType":"Group","RightName":"GenericWrite","IsInherited":false},{"PrincipalSID":"S-1-5-21-2293535422-227910474-3663383505-519","PrincipalType":"Group","RightName":"WriteDacl","IsInherited":false},{"PrincipalSID":"S-1-5-21-2293535422-227910474-3663383505-519","PrincipalType":"Group","RightName":"WriteOwner","IsInherited":false},{"PrincipalSID":"S-1-5-21-2293535422-227910474-3663383505-519","PrincipalType":"Group","RightName":"AllExtendedRights","IsInherited":false},{"PrincipalSID":"S-1-5-21-2293535422-227910474-3663383505-519","PrincipalType":"Group","RightName":"GenericWrite","IsInherited":false}],"ObjectIdentifier":"S-1-5-21-2293535422-227910474-3663383505-1123","IsDeleted":false,"IsACLProtected":true},{"Properties":{"domain":"XOR.COM","name":"CAROL@XOR.COM","distinguishedname":"CN=CAROL,OU=WORKSTATIONPERSONAL,OU=XORUSR,DC=XOR,DC=COM","domainsid":"S-1-5-21-2293535422-227910474-3663383505","highvalue":false,"samaccountname":"carol","description":null,"whencreated":1558357627,"sensitive":false,"dontreqpreauth":false,"passwordnotreqd":false,"unconstraineddelegation":false,"pwdneverexpires":true,"enabled":true,"trustedtoauth":false,"lastlogon":0,"lastlogontimestamp":-1,"pwdlastset":1558382827,"serviceprincipalnames":[],"hasspn":false,"displayname":"Carol","email":null,"title":null,"homedirectory":null,"userpassword":null,"unixpassword":null,"unicodepassword":null,"sfupassword":null,"logonscript":null,"admincount":false,"sidhistory":[]},"AllowedToDelegate":[],"PrimaryGroupSID":"S-1-5-21-2293535422-227910474-3663383505-513","HasSIDHistory":[],"SPNTargets":[],"Aces":[{"PrincipalSID":"S-1-5-21-2293535422-227910474-3663383505-512","PrincipalType":"Group","RightName":"Owns","IsInherited":false},{"PrincipalSID":"XOR.COM-S-1-5-32-548","PrincipalType":"Group","RightName":"GenericAll","IsInherited":false},{"PrincipalSID":"S-1-5-21-2293535422-227910474-3663383505-512","PrincipalType":"Group","RightName":"GenericAll","IsInherited":false},{"PrincipalSID":"S-1-5-21-2293535422-227910474-3663383505-526","PrincipalType":"Group","RightName":"AddKeyCredentialLink","IsInherited":true},{"PrincipalSID":"S-1-5-21-2293535422-227910474-3663383505-527","PrincipalType":"Group","RightName":"AddKeyCredentialLink","IsInherited":true},{"PrincipalSID":"S-1-5-21-2293535422-227910474-3663383505-519","PrincipalType":"Group","RightName":"GenericAll","IsInherited":true},{"PrincipalSID":"XOR.COM-S-1-5-32-544","PrincipalType":"Group","RightName":"WriteDacl","IsInherited":true},{"PrincipalSID":"XOR.COM-S-1-5-32-544","PrincipalType":"Group","RightName":"WriteOwner","IsInherited":true},{"PrincipalSID":"XOR.COM-S-1-5-32-544","PrincipalType":"Group","RightName":"AllExtendedRights","IsInherited":true},{"PrincipalSID":"XOR.COM-S-1-5-32-544","PrincipalType":"Group","RightName":"GenericWrite","IsInherited":true}],"ObjectIdentifier":"S-1-5-21-2293535422-227910474-3663383505-1118","IsDeleted":false,"IsACLProtected":false},{"Properties":{"domain":"XOR.COM","name":"ADMINISTRATOR@XOR.COM","distinguishedname":"CN=ADMINISTRATOR,CN=USERS,DC=XOR,DC=COM","domainsid":"S-1-5-21-2293535422-227910474-3663383505","highvalue":false,"samaccountname":"Administrator","description":"Built-in account for administering the computer/domain","whencreated":1558356963,"sensitive":false,"dontreqpreauth":false,"passwordnotreqd":false,"unconstraineddelegation":false,"pwdneverexpires":true,"enabled":true,"trustedtoauth":false,"lastlogon":1673571947,"lastlogontimestamp":1673571946,"pwdlastset":1558381341,"serviceprincipalnames":[],"hasspn":false,"displayname":null,"email":null,"title":null,"homedirectory":null,"userpassword":null,"unixpassword":null,"unicodepassword":null,"sfupassword":null,"logonscript":null,"admincount":true,"sidhistory":[]},"AllowedToDelegate":[],"PrimaryGroupSID":"S-1-5-21-2293535422-227910474-3663383505-513","HasSIDHistory":[],"SPNTargets":[],"Aces":[{"PrincipalSID":"S-1-5-21-2293535422-227910474-3663383505-512","PrincipalType":"Group","RightName":"Owns","IsInherited":false},{"PrincipalSID":"XOR.COM-S-1-5-32-544","PrincipalType":"Group","RightName":"WriteDacl","IsInherited":false},{"PrincipalSID":"XOR.COM-S-1-5-32-544","PrincipalType":"Group","RightName":"WriteOwner","IsInherited":false},{"PrincipalSID":"XOR.COM-S-1-5-32-544","PrincipalType":"Group","RightName":"AllExtendedRights","IsInherited":false},{"PrincipalSID":"XOR.COM-S-1-5-32-544","PrincipalType":"Group","RightName":"GenericWrite","IsInherited":false},{"PrincipalSID":"S-1-5-21-2293535422-227910474-3663383505-512","PrincipalType":"Group","RightName":"WriteDacl","IsInherited":false},{"PrincipalSID":"S-1-5-21-2293535422-227910474-3663383505-512","PrincipalType":"Group","RightName":"WriteOwner","IsInherited":false},{"PrincipalSID":"S-1-5-21-2293535422-227910474-3663383505-512","PrincipalType":"Group","RightName":"AllExtendedRights","IsInherited":false},{"PrincipalSID":"S-1-5-21-2293535422-227910474-3663383505-512","PrincipalType":"Group","RightName":"GenericWrite","IsInherited":false},{"PrincipalSID":"S-1-5-21-2293535422-227910474-3663383505-519","PrincipalType":"Group","RightName":"WriteDacl","IsInherited":false},{"PrincipalSID":"S-1-5-21-2293535422-227910474-3663383505-519","PrincipalType":"Group","RightName":"WriteOwner","IsInherited":false},{"PrincipalSID":"S-1-5-21-2293535422-227910474-3663383505-519","PrincipalType":"Group","RightName":"AllExtendedRights","IsInherited":false},{"PrincipalSID":"S-1-5-21-2293535422-227910474-3663383505-519","PrincipalType":"Group","RightName":"GenericWrite","IsInherited":false}],"ObjectIdentifier":"S-1-5-21-2293535422-227910474-3663383505-500","IsDeleted":false,"IsACLProtected":true},{"Properties":{"domain":"XOR.COM","name":"KRBTGT@XOR.COM","distinguishedname":"CN=KRBTGT,CN=USERS,DC=XOR,DC=COM","domainsid":"S-1-5-21-2293535422-227910474-3663383505","highvalue":false,"samaccountname":"krbtgt","description":"Key Distribution Center Service Account","whencreated":1558357079,"sensitive":false,"dontreqpreauth":false,"passwordnotreqd":false,"unconstraineddelegation":false,"pwdneverexpires":false,"enabled":false,"trustedtoauth":false,"lastlogon":0,"lastlogontimestamp":-1,"pwdlastset":1558382279,"serviceprincipalnames":["kadmin/changepw"],"hasspn":true,"displayname":null,"email":null,"title":null,"homedirectory":null,"userpassword":null,"unixpassword":null,"unicodepassword":null,"sfupassword":null,"logonscript":null,"admincount":true,"sidhistory":[]},"AllowedToDelegate":[],"PrimaryGroupSID":"S-1-5-21-2293535422-227910474-3663383505-513","HasSIDHistory":[],"SPNTargets":[],"Aces":[{"PrincipalSID":"S-1-5-21-2293535422-227910474-3663383505-512","PrincipalType":"Group","RightName":"Owns","IsInherited":false},{"PrincipalSID":"XOR.COM-S-1-5-32-544","PrincipalType":"Group","RightName":"WriteDacl","IsInherited":false},{"PrincipalSID":"XOR.COM-S-1-5-32-544","PrincipalType":"Group","RightName":"WriteOwner","IsInherited":false},{"PrincipalSID":"XOR.COM-S-1-5-32-544","PrincipalType":"Group","RightName":"AllExtendedRights","IsInherited":false},{"PrincipalSID":"XOR.COM-S-1-5-32-544","PrincipalType":"Group","RightName":"GenericWrite","IsInherited":false},{"PrincipalSID":"S-1-5-21-2293535422-227910474-3663383505-512","PrincipalType":"Group","RightName":"WriteDacl","IsInherited":false},{"PrincipalSID":"S-1-5-21-2293535422-227910474-3663383505-512","PrincipalType":"Group","RightName":"WriteOwner","IsInherited":false},{"PrincipalSID":"S-1-5-21-2293535422-227910474-3663383505-512","PrincipalType":"Group","RightName":"AllExtendedRights","IsInherited":false},{"PrincipalSID":"S-1-5-21-2293535422-227910474-3663383505-512","PrincipalType":"Group","RightName":"GenericWrite","IsInherited":false},{"PrincipalSID":"S-1-5-21-2293535422-227910474-3663383505-519","PrincipalType":"Group","RightName":"WriteDacl","IsInherited":false},{"PrincipalSID":"S-1-5-21-2293535422-227910474-3663383505-519","PrincipalType":"Group","RightName":"WriteOwner","IsInherited":false},{"PrincipalSID":"S-1-5-21-2293535422-227910474-3663383505-519","PrincipalType":"Group","RightName":"AllExtendedRights","IsInherited":false},{"PrincipalSID":"S-1-5-21-2293535422-227910474-3663383505-519","PrincipalType":"Group","RightName":"GenericWrite","IsInherited":false}],"ObjectIdentifier":"S-1-5-21-2293535422-227910474-3663383505-502","IsDeleted":false,"IsACLProtected":true},{"Properties":{"domain":"XOR.COM","name":"JOHN@XOR.COM","distinguishedname":"CN=JOHN,OU=SERVERPERSONAL,OU=XORUSR,DC=XOR,DC=COM","domainsid":"S-1-5-21-2293535422-227910474-3663383505","highvalue":false,"samaccountname":"john","description":null,"whencreated":1558357628,"sensitive":false,"dontreqpreauth":false,"passwordnotreqd":false,"unconstraineddelegation":false,"pwdneverexpires":true,"enabled":true,"trustedtoauth":false,"lastlogon":0,"lastlogontimestamp":-1,"pwdlastset":1558382828,"serviceprincipalnames":[],"hasspn":false,"displayname":"John","email":null,"title":null,"homedirectory":null,"userpassword":null,"unixpassword":null,"unicodepassword":null,"sfupassword":null,"logonscript":null,"admincount":false,"sidhistory":[]},"AllowedToDelegate":[],"PrimaryGroupSID":"S-1-5-21-2293535422-227910474-3663383505-513","HasSIDHistory":[],"SPNTargets":[],"Aces":[{"PrincipalSID":"S-1-5-21-2293535422-227910474-3663383505-512","PrincipalType":"Group","RightName":"Owns","IsInherited":false},{"PrincipalSID":"XOR.COM-S-1-5-32-548","PrincipalType":"Group","RightName":"GenericAll","IsInherited":false},{"PrincipalSID":"S-1-5-21-2293535422-227910474-3663383505-512","PrincipalType":"Group","RightName":"GenericAll","IsInherited":false},{"PrincipalSID":"S-1-5-21-2293535422-227910474-3663383505-526","PrincipalType":"Group","RightName":"AddKeyCredentialLink","IsInherited":true},{"PrincipalSID":"S-1-5-21-2293535422-227910474-3663383505-527","PrincipalType":"Group","RightName":"AddKeyCredentialLink","IsInherited":true},{"PrincipalSID":"S-1-5-21-2293535422-227910474-3663383505-519","PrincipalType":"Group","RightName":"GenericAll","IsInherited":true},{"PrincipalSID":"XOR.COM-S-1-5-32-544","PrincipalType":"Group","RightName":"WriteDacl","IsInherited":true},{"PrincipalSID":"XOR.COM-S-1-5-32-544","PrincipalType":"Group","RightName":"WriteOwner","IsInherited":true},{"PrincipalSID":"XOR.COM-S-1-5-32-544","PrincipalType":"Group","RightName":"AllExtendedRights","IsInherited":true},{"PrincipalSID":"XOR.COM-S-1-5-32-544","PrincipalType":"Group","RightName":"GenericWrite","IsInherited":true}],"ObjectIdentifier":"S-1-5-21-2293535422-227910474-3663383505-1120","IsDeleted":false,"IsACLProtected":false},{"Properties":{"domain":"XOR.COM","name":"ALBERT@XOR.COM","distinguishedname":"CN=ALBERT,OU=ADMINPERSONAL,OU=XORUSR,DC=XOR,DC=COM","domainsid":"S-1-5-21-2293535422-227910474-3663383505","highvalue":false,"samaccountname":"albert","description":null,"whencreated":1558357628,"sensitive":false,"dontreqpreauth":false,"passwordnotreqd":false,"unconstraineddelegation":false,"pwdneverexpires":true,"enabled":true,"trustedtoauth":false,"lastlogon":0,"lastlogontimestamp":-1,"pwdlastset":1558382828,"serviceprincipalnames":[],"hasspn":false,"displayname":"Albert","email":null,"title":null,"homedirectory":null,"userpassword":null,"unixpassword":null,"unicodepassword":null,"sfupassword":null,"logonscript":null,"admincount":true,"sidhistory":[]},"AllowedToDelegate":[],"PrimaryGroupSID":"S-1-5-21-2293535422-227910474-3663383505-513","HasSIDHistory":[],"SPNTargets":[],"Aces":[{"PrincipalSID":"S-1-5-21-2293535422-227910474-3663383505-512","PrincipalType":"Group","RightName":"Owns","IsInherited":false},{"PrincipalSID":"XOR.COM-S-1-5-32-544","PrincipalType":"Group","RightName":"WriteDacl","IsInherited":false},{"PrincipalSID":"XOR.COM-S-1-5-32-544","PrincipalType":"Group","RightName":"WriteOwner","IsInherited":false},{"PrincipalSID":"XOR.COM-S-1-5-32-544","PrincipalType":"Group","RightName":"AllExtendedRights","IsInherited":false},{"PrincipalSID":"XOR.COM-S-1-5-32-544","PrincipalType":"Group","RightName":"GenericWrite","IsInherited":false},{"PrincipalSID":"S-1-5-21-2293535422-227910474-3663383505-512","PrincipalType":"Group","RightName":"WriteDacl","IsInherited":false},{"PrincipalSID":"S-1-5-21-2293535422-227910474-3663383505-512","PrincipalType":"Group","RightName":"WriteOwner","IsInherited":false},{"PrincipalSID":"S-1-5-21-2293535422-227910474-3663383505-512","PrincipalType":"Group","RightName":"AllExtendedRights","IsInherited":false},{"PrincipalSID":"S-1-5-21-2293535422-227910474-3663383505-512","PrincipalType":"Group","RightName":"GenericWrite","IsInherited":false},{"PrincipalSID":"S-1-5-21-2293535422-227910474-3663383505-519","PrincipalType":"Group","RightName":"WriteDacl","IsInherited":false},{"PrincipalSID":"S-1-5-21-2293535422-227910474-3663383505-519","PrincipalType":"Group","RightName":"WriteOwner","IsInherited":false},{"PrincipalSID":"S-1-5-21-2293535422-227910474-3663383505-519","PrincipalType":"Group","RightName":"AllExtendedRights","IsInherited":false},{"PrincipalSID":"S-1-5-21-2293535422-227910474-3663383505-519","PrincipalType":"Group","RightName":"GenericWrite","IsInherited":false}],"ObjectIdentifier":"S-1-5-21-2293535422-227910474-3663383505-1124","IsDeleted":false,"IsACLProtected":true},{"Properties":{"domain":"XOR.COM","name":"CORY@XOR.COM","distinguishedname":"CN=CORY,OU=HELPDESKPERSONAL,OU=REGULARPERSONAL,OU=XORUSR,DC=XOR,DC=COM","domainsid":"S-1-5-21-2293535422-227910474-3663383505","highvalue":false,"samaccountname":"cory","description":null,"whencreated":1558357627,"sensitive":false,"dontreqpreauth":false,"passwordnotreqd":false,"unconstraineddelegation":false,"pwdneverexpires":true,"enabled":true,"trustedtoauth":false,"lastlogon":0,"lastlogontimestamp":-1,"pwdlastset":1558382827,"serviceprincipalnames":[],"hasspn":false,"displayname":"Cory","email":null,"title":null,"homedirectory":null,"userpassword":null,"unixpassword":null,"unicodepassword":null,"sfupassword":null,"logonscript":null,"admincount":false,"sidhistory":[]},"AllowedToDelegate":[],"PrimaryGroupSID":"S-1-5-21-2293535422-227910474-3663383505-513","HasSIDHistory":[],"SPNTargets":[],"Aces":[{"PrincipalSID":"S-1-5-21-2293535422-227910474-3663383505-512","PrincipalType":"Group","RightName":"Owns","IsInherited":false},{"PrincipalSID":"XOR.COM-S-1-5-32-548","PrincipalType":"Group","RightName":"GenericAll","IsInherited":false},{"PrincipalSID":"S-1-5-21-2293535422-227910474-3663383505-512","PrincipalType":"Group","RightName":"GenericAll","IsInherited":false},{"PrincipalSID":"S-1-5-21-2293535422-227910474-3663383505-526","PrincipalType":"Group","RightName":"AddKeyCredentialLink","IsInherited":true},{"PrincipalSID":"S-1-5-21-2293535422-227910474-3663383505-527","PrincipalType":"Group","RightName":"AddKeyCredentialLink","IsInherited":true},{"PrincipalSID":"S-1-5-21-2293535422-227910474-3663383505-519","PrincipalType":"Group","RightName":"GenericAll","IsInherited":true},{"PrincipalSID":"XOR.COM-S-1-5-32-544","PrincipalType":"Group","RightName":"WriteDacl","IsInherited":true},{"PrincipalSID":"XOR.COM-S-1-5-32-544","PrincipalType":"Group","RightName":"WriteOwner","IsInherited":true},{"PrincipalSID":"XOR.COM-S-1-5-32-544","PrincipalType":"Group","RightName":"AllExtendedRights","IsInherited":true},{"PrincipalSID":"XOR.COM-S-1-5-32-544","PrincipalType":"Group","RightName":"GenericWrite","IsInherited":true}],"ObjectIdentifier":"S-1-5-21-2293535422-227910474-3663383505-1115","IsDeleted":false,"IsACLProtected":false},{"Properties":{"domain":"XOR.COM","name":"JEFF@XOR.COM","distinguishedname":"CN=JEFF,OU=REGULARPERSONAL,OU=XORUSR,DC=XOR,DC=COM","domainsid":"S-1-5-21-2293535422-227910474-3663383505","highvalue":false,"samaccountname":"jeff","description":null,"whencreated":1558357627,"sensitive":false,"dontreqpreauth":false,"passwordnotreqd":false,"unconstraineddelegation":false,"pwdneverexpires":true,"enabled":true,"trustedtoauth":false,"lastlogon":0,"lastlogontimestamp":-1,"pwdlastset":1558382827,"serviceprincipalnames":[],"hasspn":false,"displayname":"Jeff","email":null,"title":null,"homedirectory":null,"userpassword":null,"unixpassword":null,"unicodepassword":null,"sfupassword":null,"logonscript":null,"admincount":false,"sidhistory":[]},"AllowedToDelegate":[],"PrimaryGroupSID":"S-1-5-21-2293535422-227910474-3663383505-513","HasSIDHistory":[],"SPNTargets":[],"Aces":[{"PrincipalSID":"S-1-5-21-2293535422-227910474-3663383505-512","PrincipalType":"Group","RightName":"Owns","IsInherited":false},{"PrincipalSID":"XOR.COM-S-1-5-32-548","PrincipalType":"Group","RightName":"GenericAll","IsInherited":false},{"PrincipalSID":"S-1-5-21-2293535422-227910474-3663383505-512","PrincipalType":"Group","RightName":"GenericAll","IsInherited":false},{"PrincipalSID":"S-1-5-21-2293535422-227910474-3663383505-526","PrincipalType":"Group","RightName":"AddKeyCredentialLink","IsInherited":true},{"PrincipalSID":"S-1-5-21-2293535422-227910474-3663383505-527","PrincipalType":"Group","RightName":"AddKeyCredentialLink","IsInherited":true},{"PrincipalSID":"S-1-5-21-2293535422-227910474-3663383505-519","PrincipalType":"Group","RightName":"GenericAll","IsInherited":true},{"PrincipalSID":"XOR.COM-S-1-5-32-544","PrincipalType":"Group","RightName":"WriteDacl","IsInherited":true},{"PrincipalSID":"XOR.COM-S-1-5-32-544","PrincipalType":"Group","RightName":"WriteOwner","IsInherited":true},{"PrincipalSID":"XOR.COM-S-1-5-32-544","PrincipalType":"Group","RightName":"AllExtendedRights","IsInherited":true},{"PrincipalSID":"XOR.COM-S-1-5-32-544","PrincipalType":"Group","RightName":"GenericWrite","IsInherited":true}],"ObjectIdentifier":"S-1-5-21-2293535422-227910474-3663383505-1112","IsDeleted":false,"IsACLProtected":false},{"Properties":{"domain":"XOR.COM","name":"HARRY@XOR.COM","distinguishedname":"CN=HARRY,OU=HELPDESKPERSONAL,OU=REGULARPERSONAL,OU=XORUSR,DC=XOR,DC=COM","domainsid":"S-1-5-21-2293535422-227910474-3663383505","highvalue":false,"samaccountname":"harry","description":null,"whencreated":1558357627,"sensitive":false,"dontreqpreauth":false,"passwordnotreqd":false,"unconstraineddelegation":false,"pwdneverexpires":true,"enabled":true,"trustedtoauth":false,"lastlogon":0,"lastlogontimestamp":-1,"pwdlastset":1558382827,"serviceprincipalnames":[],"hasspn":false,"displayname":"Harry","email":null,"title":null,"homedirectory":null,"userpassword":null,"unixpassword":null,"unicodepassword":null,"sfupassword":null,"logonscript":null,"admincount":false,"sidhistory":[]},"AllowedToDelegate":[],"PrimaryGroupSID":"S-1-5-21-2293535422-227910474-3663383505-513","HasSIDHistory":[],"SPNTargets":[],"Aces":[{"PrincipalSID":"S-1-5-21-2293535422-227910474-3663383505-512","PrincipalType":"Group","RightName":"Owns","IsInherited":false},{"PrincipalSID":"XOR.COM-S-1-5-32-548","PrincipalType":"Group","RightName":"GenericAll","IsInherited":false},{"PrincipalSID":"S-1-5-21-2293535422-227910474-3663383505-512","PrincipalType":"Group","RightName":"GenericAll","IsInherited":false},{"PrincipalSID":"S-1-5-21-2293535422-227910474-3663383505-526","PrincipalType":"Group","RightName":"AddKeyCredentialLink","IsInherited":true},{"PrincipalSID":"S-1-5-21-2293535422-227910474-3663383505-527","PrincipalType":"Group","RightName":"AddKeyCredentialLink","IsInherited":true},{"PrincipalSID":"S-1-5-21-2293535422-227910474-3663383505-519","PrincipalType":"Group","RightName":"GenericAll","IsInherited":true},{"PrincipalSID":"XOR.COM-S-1-5-32-544","PrincipalType":"Group","RightName":"WriteDacl","IsInherited":true},{"PrincipalSID":"XOR.COM-S-1-5-32-544","PrincipalType":"Group","RightName":"WriteOwner","IsInherited":true},{"PrincipalSID":"XOR.COM-S-1-5-32-544","PrincipalType":"Group","RightName":"AllExtendedRights","IsInherited":true},{"PrincipalSID":"XOR.COM-S-1-5-32-544","PrincipalType":"Group","RightName":"GenericWrite","IsInherited":true}],"ObjectIdentifier":"S-1-5-21-2293535422-227910474-3663383505-1113","IsDeleted":false,"IsACLProtected":false},{"Properties":{"domain":"XOR.COM","name":"RALPH@XOR.COM","distinguishedname":"CN=RALPH,OU=REGULARPERSONAL,OU=XORUSR,DC=XOR,DC=COM","domainsid":"S-1-5-21-2293535422-227910474-3663383505","highvalue":false,"samaccountname":"ralph","description":null,"whencreated":1558357627,"sensitive":false,"dontreqpreauth":false,"passwordnotreqd":false,"unconstraineddelegation":false,"pwdneverexpires":true,"enabled":true,"trustedtoauth":false,"lastlogon":0,"lastlogontimestamp":-1,"pwdlastset":1558382827,"serviceprincipalnames":[],"hasspn":false,"displayname":"Ralph","email":null,"title":null,"homedirectory":null,"userpassword":null,"unixpassword":null,"unicodepassword":null,"sfupassword":null,"logonscript":null,"admincount":false,"sidhistory":[]},"AllowedToDelegate":[],"PrimaryGroupSID":"S-1-5-21-2293535422-227910474-3663383505-513","HasSIDHistory":[],"SPNTargets":[],"Aces":[{"PrincipalSID":"S-1-5-21-2293535422-227910474-3663383505-512","PrincipalType":"Group","RightName":"Owns","IsInherited":false},{"PrincipalSID":"XOR.COM-S-1-5-32-548","PrincipalType":"Group","RightName":"GenericAll","IsInherited":false},{"PrincipalSID":"S-1-5-21-2293535422-227910474-3663383505-512","PrincipalType":"Group","RightName":"GenericAll","IsInherited":false},{"PrincipalSID":"S-1-5-21-2293535422-227910474-3663383505-526","PrincipalType":"Group","RightName":"AddKeyCredentialLink","IsInherited":true},{"PrincipalSID":"S-1-5-21-2293535422-227910474-3663383505-527","PrincipalType":"Group","RightName":"AddKeyCredentialLink","IsInherited":true},{"PrincipalSID":"S-1-5-21-2293535422-227910474-3663383505-519","PrincipalType":"Group","RightName":"GenericAll","IsInherited":true},{"PrincipalSID":"XOR.COM-S-1-5-32-544","PrincipalType":"Group","RightName":"WriteDacl","IsInherited":true},{"PrincipalSID":"XOR.COM-S-1-5-32-544","PrincipalType":"Group","RightName":"WriteOwner","IsInherited":true},{"PrincipalSID":"XOR.COM-S-1-5-32-544","PrincipalType":"Group","RightName":"AllExtendedRights","IsInherited":true},{"PrincipalSID":"XOR.COM-S-1-5-32-544","PrincipalType":"Group","RightName":"GenericWrite","IsInherited":true}],"ObjectIdentifier":"S-1-5-21-2293535422-227910474-3663383505-1107","IsDeleted":false,"IsACLProtected":false},{"Properties":{"domain":"XOR.COM","name":"BRUCE@XOR.COM","distinguishedname":"CN=BRUCE,OU=REGULARPERSONAL,OU=XORUSR,DC=XOR,DC=COM","domainsid":"S-1-5-21-2293535422-227910474-3663383505","highvalue":false,"samaccountname":"bruce","description":null,"whencreated":1558357627,"sensitive":false,"dontreqpreauth":false,"passwordnotreqd":false,"unconstraineddelegation":false,"pwdneverexpires":true,"enabled":true,"trustedtoauth":false,"lastlogon":0,"lastlogontimestamp":-1,"pwdlastset":1558382827,"serviceprincipalnames":[],"hasspn":false,"displayname":"Bruce","email":null,"title":null,"homedirectory":null,"userpassword":null,"unixpassword":null,"unicodepassword":null,"sfupassword":null,"logonscript":null,"admincount":false,"sidhistory":[]},"AllowedToDelegate":[],"PrimaryGroupSID":"S-1-5-21-2293535422-227910474-3663383505-513","HasSIDHistory":[],"SPNTargets":[],"Aces":[{"PrincipalSID":"S-1-5-21-2293535422-227910474-3663383505-512","PrincipalType":"Group","RightName":"Owns","IsInherited":false},{"PrincipalSID":"XOR.COM-S-1-5-32-548","PrincipalType":"Group","RightName":"GenericAll","IsInherited":false},{"PrincipalSID":"S-1-5-21-2293535422-227910474-3663383505-512","PrincipalType":"Group","RightName":"GenericAll","IsInherited":false},{"PrincipalSID":"S-1-5-21-2293535422-227910474-3663383505-526","PrincipalType":"Group","RightName":"AddKeyCredentialLink","IsInherited":true},{"PrincipalSID":"S-1-5-21-2293535422-227910474-3663383505-527","PrincipalType":"Group","RightName":"AddKeyCredentialLink","IsInherited":true},{"PrincipalSID":"S-1-5-21-2293535422-227910474-3663383505-519","PrincipalType":"Group","RightName":"GenericAll","IsInherited":true},{"PrincipalSID":"XOR.COM-S-1-5-32-544","PrincipalType":"Group","RightName":"WriteDacl","IsInherited":true},{"PrincipalSID":"XOR.COM-S-1-5-32-544","PrincipalType":"Group","RightName":"WriteOwner","IsInherited":true},{"PrincipalSID":"XOR.COM-S-1-5-32-544","PrincipalType":"Group","RightName":"AllExtendedRights","IsInherited":true},{"PrincipalSID":"XOR.COM-S-1-5-32-544","PrincipalType":"Group","RightName":"GenericWrite","IsInherited":true}],"ObjectIdentifier":"S-1-5-21-2293535422-227910474-3663383505-1109","IsDeleted":false,"IsACLProtected":false},{"Properties":{"domain":"XOR.COM","name":"EXTMAILSERVICE@XOR.COM","distinguishedname":"CN=EXTMAILSERVICE,OU=SERVICEACCOUNTS,OU=XORUSR,DC=XOR,DC=COM","domainsid":"S-1-5-21-2293535422-227910474-3663383505","highvalue":false,"samaccountname":"extmailservice","description":null,"whencreated":1558357629,"sensitive":false,"dontreqpreauth":false,"passwordnotreqd":false,"unconstraineddelegation":false,"pwdneverexpires":true,"enabled":true,"trustedtoauth":false,"lastlogon":0,"lastlogontimestamp":-1,"pwdlastset":1558382829,"serviceprincipalnames":["HTTP/ExtMail.xor.com"],"hasspn":true,"displayname":"extmailservice","email":null,"title":null,"homedirectory":null,"userpassword":null,"unixpassword":null,"unicodepassword":null,"sfupassword":null,"logonscript":null,"admincount":false,"sidhistory":[]},"AllowedToDelegate":[],"PrimaryGroupSID":"S-1-5-21-2293535422-227910474-3663383505-513","HasSIDHistory":[],"SPNTargets":[],"Aces":[{"PrincipalSID":"S-1-5-21-2293535422-227910474-3663383505-512","PrincipalType":"Group","RightName":"Owns","IsInherited":false},{"PrincipalSID":"XOR.COM-S-1-5-32-548","PrincipalType":"Group","RightName":"GenericAll","IsInherited":false},{"PrincipalSID":"S-1-5-21-2293535422-227910474-3663383505-512","PrincipalType":"Group","RightName":"GenericAll","IsInherited":false},{"PrincipalSID":"S-1-5-21-2293535422-227910474-3663383505-526","PrincipalType":"Group","RightName":"AddKeyCredentialLink","IsInherited":true},{"PrincipalSID":"S-1-5-21-2293535422-227910474-3663383505-527","PrincipalType":"Group","RightName":"AddKeyCredentialLink","IsInherited":true},{"PrincipalSID":"S-1-5-21-2293535422-227910474-3663383505-519","PrincipalType":"Group","RightName":"GenericAll","IsInherited":true},{"PrincipalSID":"XOR.COM-S-1-5-32-544","PrincipalType":"Group","RightName":"WriteDacl","IsInherited":true},{"PrincipalSID":"XOR.COM-S-1-5-32-544","PrincipalType":"Group","RightName":"WriteOwner","IsInherited":true},{"PrincipalSID":"XOR.COM-S-1-5-32-544","PrincipalType":"Group","RightName":"AllExtendedRights","IsInherited":true},{"PrincipalSID":"XOR.COM-S-1-5-32-544","PrincipalType":"Group","RightName":"GenericWrite","IsInherited":true}],"ObjectIdentifier":"S-1-5-21-2293535422-227910474-3663383505-1127","IsDeleted":false,"IsACLProtected":false},{"Properties":{"domain":"XOR.COM","name":"GUEST@XOR.COM","distinguishedname":"CN=GUEST,CN=USERS,DC=XOR,DC=COM","domainsid":"S-1-5-21-2293535422-227910474-3663383505","highvalue":false,"samaccountname":"Guest","description":"Built-in account for guest access to the computer/domain","whencreated":1558356963,"sensitive":false,"dontreqpreauth":false,"passwordnotreqd":true,"unconstraineddelegation":false,"pwdneverexpires":true,"enabled":false,"trustedtoauth":false,"lastlogon":0,"lastlogontimestamp":-1,"pwdlastset":0,"serviceprincipalnames":[],"hasspn":false,"displayname":null,"email":null,"title":null,"homedirectory":null,"userpassword":null,"unixpassword":null,"unicodepassword":null,"sfupassword":null,"logonscript":null,"admincount":false,"sidhistory":[]},"AllowedToDelegate":[],"PrimaryGroupSID":"S-1-5-21-2293535422-227910474-3663383505-514","HasSIDHistory":[],"SPNTargets":[],"Aces":[{"PrincipalSID":"XOR.COM-S-1-5-32-544","PrincipalType":"Group","RightName":"Owns","IsInherited":false},{"PrincipalSID":"XOR.COM-S-1-5-32-548","PrincipalType":"Group","RightName":"GenericAll","IsInherited":false},{"PrincipalSID":"S-1-5-21-2293535422-227910474-3663383505-512","PrincipalType":"Group","RightName":"GenericAll","IsInherited":false},{"PrincipalSID":"S-1-5-21-2293535422-227910474-3663383505-526","PrincipalType":"Group","RightName":"AddKeyCredentialLink","IsInherited":true},{"PrincipalSID":"S-1-5-21-2293535422-227910474-3663383505-527","PrincipalType":"Group","RightName":"AddKeyCredentialLink","IsInherited":true},{"PrincipalSID":"S-1-5-21-2293535422-227910474-3663383505-519","PrincipalType":"Group","RightName":"GenericAll","IsInherited":true},{"PrincipalSID":"XOR.COM-S-1-5-32-544","PrincipalType":"Group","RightName":"WriteDacl","IsInherited":true},{"PrincipalSID":"XOR.COM-S-1-5-32-544","PrincipalType":"Group","RightName":"WriteOwner","IsInherited":true},{"PrincipalSID":"XOR.COM-S-1-5-32-544","PrincipalType":"Group","RightName":"AllExtendedRights","IsInherited":true},{"PrincipalSID":"XOR.COM-S-1-5-32-544","PrincipalType":"Group","RightName":"GenericWrite","IsInherited":true}],"ObjectIdentifier":"S-1-5-21-2293535422-227910474-3663383505-501","IsDeleted":false,"IsACLProtected":false},{"Properties":{"domain":"XOR.COM","name":"PEDRO@XOR.COM","distinguishedname":"CN=PEDRO,OU=REGULARPERSONAL,OU=XORUSR,DC=XOR,DC=COM","domainsid":"S-1-5-21-2293535422-227910474-3663383505","highvalue":false,"samaccountname":"pedro","description":null,"whencreated":1558357626,"sensitive":false,"dontreqpreauth":false,"passwordnotreqd":false,"unconstraineddelegation":false,"pwdneverexpires":true,"enabled":true,"trustedtoauth":false,"lastlogon":0,"lastlogontimestamp":-1,"pwdlastset":1558382826,"serviceprincipalnames":[],"hasspn":false,"displayname":"Pedro","email":null,"title":null,"homedirectory":null,"userpassword":null,"unixpassword":null,"unicodepassword":null,"sfupassword":null,"logonscript":null,"admincount":false,"sidhistory":[]},"AllowedToDelegate":[],"PrimaryGroupSID":"S-1-5-21-2293535422-227910474-3663383505-513","HasSIDHistory":[],"SPNTargets":[],"Aces":[{"PrincipalSID":"S-1-5-21-2293535422-227910474-3663383505-512","PrincipalType":"Group","RightName":"Owns","IsInherited":false},{"PrincipalSID":"XOR.COM-S-1-5-32-548","PrincipalType":"Group","RightName":"GenericAll","IsInherited":false},{"PrincipalSID":"S-1-5-21-2293535422-227910474-3663383505-512","PrincipalType":"Group","RightName":"GenericAll","IsInherited":false},{"PrincipalSID":"S-1-5-21-2293535422-227910474-3663383505-526","PrincipalType":"Group","RightName":"AddKeyCredentialLink","IsInherited":true},{"PrincipalSID":"S-1-5-21-2293535422-227910474-3663383505-527","PrincipalType":"Group","RightName":"AddKeyCredentialLink","IsInherited":true},{"PrincipalSID":"S-1-5-21-2293535422-227910474-3663383505-519","PrincipalType":"Group","RightName":"GenericAll","IsInherited":true},{"PrincipalSID":"XOR.COM-S-1-5-32-544","PrincipalType":"Group","RightName":"WriteDacl","IsInherited":true},{"PrincipalSID":"XOR.COM-S-1-5-32-544","PrincipalType":"Group","RightName":"WriteOwner","IsInherited":true},{"PrincipalSID":"XOR.COM-S-1-5-32-544","PrincipalType":"Group","RightName":"AllExtendedRights","IsInherited":true},{"PrincipalSID":"XOR.COM-S-1-5-32-544","PrincipalType":"Group","RightName":"GenericWrite","IsInherited":true}],"ObjectIdentifier":"S-1-5-21-2293535422-227910474-3663383505-1104","IsDeleted":false,"IsACLProtected":false},{"Properties":{"domain":"XOR.COM","name":"MARIA@XOR.COM","distinguishedname":"CN=MARIA,OU=REGULARPERSONAL,OU=XORUSR,DC=XOR,DC=COM","domainsid":"S-1-5-21-2293535422-227910474-3663383505","highvalue":false,"samaccountname":"maria","description":null,"whencreated":1558357626,"sensitive":false,"dontreqpreauth":false,"passwordnotreqd":false,"unconstraineddelegation":false,"pwdneverexpires":true,"enabled":true,"trustedtoauth":false,"lastlogon":0,"lastlogontimestamp":-1,"pwdlastset":1558382826,"serviceprincipalnames":[],"hasspn":false,"displayname":"Maria","email":null,"title":null,"homedirectory":null,"userpassword":null,"unixpassword":null,"unicodepassword":null,"sfupassword":null,"logonscript":null,"admincount":false,"sidhistory":[]},"AllowedToDelegate":[],"PrimaryGroupSID":"S-1-5-21-2293535422-227910474-3663383505-513","HasSIDHistory":[],"SPNTargets":[],"Aces":[{"PrincipalSID":"S-1-5-21-2293535422-227910474-3663383505-512","PrincipalType":"Group","RightName":"Owns","IsInherited":false},{"PrincipalSID":"XOR.COM-S-1-5-32-548","PrincipalType":"Group","RightName":"GenericAll","IsInherited":false},{"PrincipalSID":"S-1-5-21-2293535422-227910474-3663383505-512","PrincipalType":"Group","RightName":"GenericAll","IsInherited":false},{"PrincipalSID":"S-1-5-21-2293535422-227910474-3663383505-526","PrincipalType":"Group","RightName":"AddKeyCredentialLink","IsInherited":true},{"PrincipalSID":"S-1-5-21-2293535422-227910474-3663383505-527","PrincipalType":"Group","RightName":"AddKeyCredentialLink","IsInherited":true},{"PrincipalSID":"S-1-5-21-2293535422-227910474-3663383505-519","PrincipalType":"Group","RightName":"GenericAll","IsInherited":true},{"PrincipalSID":"XOR.COM-S-1-5-32-544","PrincipalType":"Group","RightName":"WriteDacl","IsInherited":true},{"PrincipalSID":"XOR.COM-S-1-5-32-544","PrincipalType":"Group","RightName":"WriteOwner","IsInherited":true},{"PrincipalSID":"XOR.COM-S-1-5-32-544","PrincipalType":"Group","RightName":"AllExtendedRights","IsInherited":true},{"PrincipalSID":"XOR.COM-S-1-5-32-544","PrincipalType":"Group","RightName":"GenericWrite","IsInherited":true}],"ObjectIdentifier":"S-1-5-21-2293535422-227910474-3663383505-1105","IsDeleted":false,"IsACLProtected":false},{"Properties":{"domain":"XOR.COM","name":"BOB@XOR.COM","distinguishedname":"CN=BOB,OU=REGULARPERSONAL,OU=XORUSR,DC=XOR,DC=COM","domainsid":"S-1-5-21-2293535422-227910474-3663383505","highvalue":false,"samaccountname":"bob","description":null,"whencreated":1558357627,"sensitive":false,"dontreqpreauth":false,"passwordnotreqd":false,"unconstraineddelegation":false,"pwdneverexpires":true,"enabled":true,"trustedtoauth":false,"lastlogon":0,"lastlogontimestamp":-1,"pwdlastset":1558382827,"serviceprincipalnames":[],"hasspn":false,"displayname":"Bob","email":null,"title":null,"homedirectory":null,"userpassword":null,"unixpassword":null,"unicodepassword":null,"sfupassword":null,"logonscript":null,"admincount":false,"sidhistory":[]},"AllowedToDelegate":[],"PrimaryGroupSID":"S-1-5-21-2293535422-227910474-3663383505-513","HasSIDHistory":[],"SPNTargets":[],"Aces":[{"PrincipalSID":"S-1-5-21-2293535422-227910474-3663383505-512","PrincipalType":"Group","RightName":"Owns","IsInherited":false},{"PrincipalSID":"XOR.COM-S-1-5-32-548","PrincipalType":"Group","RightName":"GenericAll","IsInherited":false},{"PrincipalSID":"S-1-5-21-2293535422-227910474-3663383505-512","PrincipalType":"Group","RightName":"GenericAll","IsInherited":false},{"PrincipalSID":"S-1-5-21-2293535422-227910474-3663383505-526","PrincipalType":"Group","RightName":"AddKeyCredentialLink","IsInherited":true},{"PrincipalSID":"S-1-5-21-2293535422-227910474-3663383505-527","PrincipalType":"Group","RightName":"AddKeyCredentialLink","IsInherited":true},{"PrincipalSID":"S-1-5-21-2293535422-227910474-3663383505-519","PrincipalType":"Group","RightName":"GenericAll","IsInherited":true},{"PrincipalSID":"XOR.COM-S-1-5-32-544","PrincipalType":"Group","RightName":"WriteDacl","IsInherited":true},{"PrincipalSID":"XOR.COM-S-1-5-32-544","PrincipalType":"Group","RightName":"WriteOwner","IsInherited":true},{"PrincipalSID":"XOR.COM-S-1-5-32-544","PrincipalType":"Group","RightName":"AllExtendedRights","IsInherited":true},{"PrincipalSID":"XOR.COM-S-1-5-32-544","PrincipalType":"Group","RightName":"GenericWrite","IsInherited":true}],"ObjectIdentifier":"S-1-5-21-2293535422-227910474-3663383505-1106","IsDeleted":false,"IsACLProtected":false},{"Properties":{"domain":"XOR.COM","name":"NICKY@XOR.COM","distinguishedname":"CN=NICKY,OU=REGULARPERSONAL,OU=XORUSR,DC=XOR,DC=COM","domainsid":"S-1-5-21-2293535422-227910474-3663383505","highvalue":false,"samaccountname":"nicky","description":null,"whencreated":1558357627,"sensitive":false,"dontreqpreauth":false,"passwordnotreqd":false,"unconstraineddelegation":false,"pwdneverexpires":true,"enabled":true,"trustedtoauth":false,"lastlogon":0,"lastlogontimestamp":-1,"pwdlastset":1558382827,"serviceprincipalnames":[],"hasspn":false,"displayname":"Nicky","email":null,"title":null,"homedirectory":null,"userpassword":null,"unixpassword":null,"unicodepassword":null,"sfupassword":null,"logonscript":null,"admincount":false,"sidhistory":[]},"AllowedToDelegate":[],"PrimaryGroupSID":"S-1-5-21-2293535422-227910474-3663383505-513","HasSIDHistory":[],"SPNTargets":[],"Aces":[{"PrincipalSID":"S-1-5-21-2293535422-227910474-3663383505-512","PrincipalType":"Group","RightName":"Owns","IsInherited":false},{"PrincipalSID":"XOR.COM-S-1-5-32-548","PrincipalType":"Group","RightName":"GenericAll","IsInherited":false},{"PrincipalSID":"S-1-5-21-2293535422-227910474-3663383505-512","PrincipalType":"Group","RightName":"GenericAll","IsInherited":false},{"PrincipalSID":"S-1-5-21-2293535422-227910474-3663383505-526","PrincipalType":"Group","RightName":"AddKeyCredentialLink","IsInherited":true},{"PrincipalSID":"S-1-5-21-2293535422-227910474-3663383505-527","PrincipalType":"Group","RightName":"AddKeyCredentialLink","IsInherited":true},{"PrincipalSID":"S-1-5-21-2293535422-227910474-3663383505-519","PrincipalType":"Group","RightName":"GenericAll","IsInherited":true},{"PrincipalSID":"XOR.COM-S-1-5-32-544","PrincipalType":"Group","RightName":"WriteDacl","IsInherited":true},{"PrincipalSID":"XOR.COM-S-1-5-32-544","PrincipalType":"Group","RightName":"WriteOwner","IsInherited":true},{"PrincipalSID":"XOR.COM-S-1-5-32-544","PrincipalType":"Group","RightName":"AllExtendedRights","IsInherited":true},{"PrincipalSID":"XOR.COM-S-1-5-32-544","PrincipalType":"Group","RightName":"GenericWrite","IsInherited":true}],"ObjectIdentifier":"S-1-5-21-2293535422-227910474-3663383505-1111","IsDeleted":false,"IsACLProtected":false},{"Properties":{"domain":"XOR.COM","name":"BRETT@XOR.COM","distinguishedname":"CN=BRETT,OU=WORKSTATIONPERSONAL,OU=XORUSR,DC=XOR,DC=COM","domainsid":"S-1-5-21-2293535422-227910474-3663383505","highvalue":false,"samaccountname":"brett","description":null,"whencreated":1558357627,"sensitive":false,"dontreqpreauth":false,"passwordnotreqd":false,"unconstraineddelegation":false,"pwdneverexpires":true,"enabled":true,"trustedtoauth":false,"lastlogon":0,"lastlogontimestamp":-1,"pwdlastset":1558382827,"serviceprincipalnames":[],"hasspn":false,"displayname":"Brett","email":null,"title":null,"homedirectory":null,"userpassword":null,"unixpassword":null,"unicodepassword":null,"sfupassword":null,"logonscript":null,"admincount":false,"sidhistory":[]},"AllowedToDelegate":[],"PrimaryGroupSID":"S-1-5-21-2293535422-227910474-3663383505-513","HasSIDHistory":[],"SPNTargets":[],"Aces":[{"PrincipalSID":"S-1-5-21-2293535422-227910474-3663383505-512","PrincipalType":"Group","RightName":"Owns","IsInherited":false},{"PrincipalSID":"XOR.COM-S-1-5-32-548","PrincipalType":"Group","RightName":"GenericAll","IsInherited":false},{"PrincipalSID":"S-1-5-21-2293535422-227910474-3663383505-512","PrincipalType":"Group","RightName":"GenericAll","IsInherited":false},{"PrincipalSID":"S-1-5-21-2293535422-227910474-3663383505-526","PrincipalType":"Group","RightName":"AddKeyCredentialLink","IsInherited":true},{"PrincipalSID":"S-1-5-21-2293535422-227910474-3663383505-527","PrincipalType":"Group","RightName":"AddKeyCredentialLink","IsInherited":true},{"PrincipalSID":"S-1-5-21-2293535422-227910474-3663383505-519","PrincipalType":"Group","RightName":"GenericAll","IsInherited":true},{"PrincipalSID":"XOR.COM-S-1-5-32-544","PrincipalType":"Group","RightName":"WriteDacl","IsInherited":true},{"PrincipalSID":"XOR.COM-S-1-5-32-544","PrincipalType":"Group","RightName":"WriteOwner","IsInherited":true},{"PrincipalSID":"XOR.COM-S-1-5-32-544","PrincipalType":"Group","RightName":"AllExtendedRights","IsInherited":true},{"PrincipalSID":"XOR.COM-S-1-5-32-544","PrincipalType":"Group","RightName":"GenericWrite","IsInherited":true}],"ObjectIdentifier":"S-1-5-21-2293535422-227910474-3663383505-1117","IsDeleted":false,"IsACLProtected":false},{"Properties":{"domain":"XOR.COM","name":"SQLSERVER@XOR.COM","distinguishedname":"CN=SQLSERVER,OU=SERVICEACCOUNTS,OU=XORUSR,DC=XOR,DC=COM","domainsid":"S-1-5-21-2293535422-227910474-3663383505","highvalue":false,"samaccountname":"sqlServer","description":null,"whencreated":1558357874,"sensitive":false,"dontreqpreauth":false,"passwordnotreqd":false,"unconstraineddelegation":false,"pwdneverexpires":true,"enabled":true,"trustedtoauth":false,"lastlogon":1579666161,"lastlogontimestamp":1579665165,"pwdlastset":1558383074,"serviceprincipalnames":["MSSQLSvc/xor-app23.xor.com:1433"],"hasspn":true,"displayname":"SQLServer","email":null,"title":null,"homedirectory":null,"userpassword":null,"unixpassword":null,"unicodepassword":null,"sfupassword":null,"logonscript":null,"admincount":false,"sidhistory":[]},"AllowedToDelegate":[],"PrimaryGroupSID":"S-1-5-21-2293535422-227910474-3663383505-513","HasSIDHistory":[],"SPNTargets":[{"ComputerSID":"S-1-5-21-2293535422-227910474-3663383505-1142","Port":1433,"Service":"SQLAdmin"}],"Aces":[{"PrincipalSID":"S-1-5-21-2293535422-227910474-3663383505-512","PrincipalType":"Group","RightName":"Owns","IsInherited":false},{"PrincipalSID":"XOR.COM-S-1-5-32-548","PrincipalType":"Group","RightName":"GenericAll","IsInherited":false},{"PrincipalSID":"S-1-5-21-2293535422-227910474-3663383505-512","PrincipalType":"Group","RightName":"GenericAll","IsInherited":false},{"PrincipalSID":"S-1-5-21-2293535422-227910474-3663383505-526","PrincipalType":"Group","RightName":"AddKeyCredentialLink","IsInherited":true},{"PrincipalSID":"S-1-5-21-2293535422-227910474-3663383505-527","PrincipalType":"Group","RightName":"AddKeyCredentialLink","IsInherited":true},{"PrincipalSID":"S-1-5-21-2293535422-227910474-3663383505-519","PrincipalType":"Group","RightName":"GenericAll","IsInherited":true},{"PrincipalSID":"XOR.COM-S-1-5-32-544","PrincipalType":"Group","RightName":"WriteDacl","IsInherited":true},{"PrincipalSID":"XOR.COM-S-1-5-32-544","PrincipalType":"Group","RightName":"WriteOwner","IsInherited":true},{"PrincipalSID":"XOR.COM-S-1-5-32-544","PrincipalType":"Group","RightName":"AllExtendedRights","IsInherited":true},{"PrincipalSID":"XOR.COM-S-1-5-32-544","PrincipalType":"Group","RightName":"GenericWrite","IsInherited":true}],"ObjectIdentifier":"S-1-5-21-2293535422-227910474-3663383505-1170","IsDeleted":false,"IsACLProtected":false},{"Properties":{"domain":"XOR.COM","name":"DAISY@XOR.COM","distinguishedname":"CN=DAISY,OU=SERVERPERSONAL,OU=XORUSR,DC=XOR,DC=COM","domainsid":"S-1-5-21-2293535422-227910474-3663383505","highvalue":false,"samaccountname":"daisy","description":null,"whencreated":1558357627,"sensitive":false,"dontreqpreauth":false,"passwordnotreqd":false,"unconstraineddelegation":false,"pwdneverexpires":true,"enabled":true,"trustedtoauth":false,"lastlogon":1579666461,"lastlogontimestamp":1579665464,"pwdlastset":1558382827,"serviceprincipalnames":[],"hasspn":false,"displayname":"Daisy","email":null,"title":null,"homedirectory":null,"userpassword":null,"unixpassword":null,"unicodepassword":null,"sfupassword":null,"logonscript":null,"admincount":false,"sidhistory":[]},"AllowedToDelegate":[],"PrimaryGroupSID":"S-1-5-21-2293535422-227910474-3663383505-513","HasSIDHistory":[],"SPNTargets":[],"Aces":[{"PrincipalSID":"S-1-5-21-2293535422-227910474-3663383505-512","PrincipalType":"Group","RightName":"Owns","IsInherited":false},{"PrincipalSID":"XOR.COM-S-1-5-32-548","PrincipalType":"Group","RightName":"GenericAll","IsInherited":false},{"PrincipalSID":"S-1-5-21-2293535422-227910474-3663383505-512","PrincipalType":"Group","RightName":"GenericAll","IsInherited":false},{"PrincipalSID":"S-1-5-21-2293535422-227910474-3663383505-526","PrincipalType":"Group","RightName":"AddKeyCredentialLink","IsInherited":true},{"PrincipalSID":"S-1-5-21-2293535422-227910474-3663383505-527","PrincipalType":"Group","RightName":"AddKeyCredentialLink","IsInherited":true},{"PrincipalSID":"S-1-5-21-2293535422-227910474-3663383505-519","PrincipalType":"Group","RightName":"GenericAll","IsInherited":true},{"PrincipalSID":"XOR.COM-S-1-5-32-544","PrincipalType":"Group","RightName":"WriteDacl","IsInherited":true},{"PrincipalSID":"XOR.COM-S-1-5-32-544","PrincipalType":"Group","RightName":"WriteOwner","IsInherited":true},{"PrincipalSID":"XOR.COM-S-1-5-32-544","PrincipalType":"Group","RightName":"AllExtendedRights","IsInherited":true},{"PrincipalSID":"XOR.COM-S-1-5-32-544","PrincipalType":"Group","RightName":"GenericWrite","IsInherited":true}],"ObjectIdentifier":"S-1-5-21-2293535422-227910474-3663383505-1119","IsDeleted":false,"IsACLProtected":false},{"Properties":{"domain":"XOR.COM","name":"EXCHANGESERVICE@XOR.COM","distinguishedname":"CN=EXCHANGESERVICE,OU=SERVICEACCOUNTS,OU=XORUSR,DC=XOR,DC=COM","domainsid":"S-1-5-21-2293535422-227910474-3663383505","highvalue":false,"samaccountname":"ExchangeService","description":null,"whencreated":1558357628,"sensitive":false,"dontreqpreauth":false,"passwordnotreqd":false,"unconstraineddelegation":false,"pwdneverexpires":true,"enabled":true,"trustedtoauth":false,"lastlogon":0,"lastlogontimestamp":-1,"pwdlastset":1558382828,"serviceprincipalnames":["HTTP/ExchangeService.xor.com"],"hasspn":true,"displayname":"ExchangeService","email":null,"title":null,"homedirectory":null,"userpassword":null,"unixpassword":null,"unicodepassword":null,"sfupassword":null,"logonscript":null,"admincount":false,"sidhistory":[]},"AllowedToDelegate":[],"PrimaryGroupSID":"S-1-5-21-2293535422-227910474-3663383505-513","HasSIDHistory":[],"SPNTargets":[],"Aces":[{"PrincipalSID":"S-1-5-21-2293535422-227910474-3663383505-512","PrincipalType":"Group","RightName":"Owns","IsInherited":false},{"PrincipalSID":"XOR.COM-S-1-5-32-548","PrincipalType":"Group","RightName":"GenericAll","IsInherited":false},{"PrincipalSID":"S-1-5-21-2293535422-227910474-3663383505-512","PrincipalType":"Group","RightName":"GenericAll","IsInherited":false},{"PrincipalSID":"S-1-5-21-2293535422-227910474-3663383505-526","PrincipalType":"Group","RightName":"AddKeyCredentialLink","IsInherited":true},{"PrincipalSID":"S-1-5-21-2293535422-227910474-3663383505-527","PrincipalType":"Group","RightName":"AddKeyCredentialLink","IsInherited":true},{"PrincipalSID":"S-1-5-21-2293535422-227910474-3663383505-519","PrincipalType":"Group","RightName":"GenericAll","IsInherited":true},{"PrincipalSID":"XOR.COM-S-1-5-32-544","PrincipalType":"Group","RightName":"WriteDacl","IsInherited":true},{"PrincipalSID":"XOR.COM-S-1-5-32-544","PrincipalType":"Group","RightName":"WriteOwner","IsInherited":true},{"PrincipalSID":"XOR.COM-S-1-5-32-544","PrincipalType":"Group","RightName":"AllExtendedRights","IsInherited":true},{"PrincipalSID":"XOR.COM-S-1-5-32-544","PrincipalType":"Group","RightName":"GenericWrite","IsInherited":true}],"ObjectIdentifier":"S-1-5-21-2293535422-227910474-3663383505-1126","IsDeleted":false,"IsACLProtected":false},{"Properties":{"domain":"XOR.COM","name":"ADAM@XOR.COM","distinguishedname":"CN=ADAM,OU=SERVERPERSONAL,OU=XORUSR,DC=XOR,DC=COM","domainsid":"S-1-5-21-2293535422-227910474-3663383505","highvalue":false,"samaccountname":"adam","description":null,"whencreated":1558357628,"sensitive":false,"dontreqpreauth":false,"passwordnotreqd":false,"unconstraineddelegation":false,"pwdneverexpires":true,"enabled":true,"trustedtoauth":false,"lastlogon":0,"lastlogontimestamp":-1,"pwdlastset":1558382828,"serviceprincipalnames":[],"hasspn":false,"displayname":"Adam","email":null,"title":null,"homedirectory":null,"userpassword":null,"unixpassword":null,"unicodepassword":null,"sfupassword":null,"logonscript":null,"admincount":false,"sidhistory":[]},"AllowedToDelegate":[],"PrimaryGroupSID":"S-1-5-21-2293535422-227910474-3663383505-513","HasSIDHistory":[],"SPNTargets":[],"Aces":[{"PrincipalSID":"S-1-5-21-2293535422-227910474-3663383505-512","PrincipalType":"Group","RightName":"Owns","IsInherited":false},{"PrincipalSID":"XOR.COM-S-1-5-32-548","PrincipalType":"Group","RightName":"GenericAll","IsInherited":false},{"PrincipalSID":"S-1-5-21-2293535422-227910474-3663383505-512","PrincipalType":"Group","RightName":"GenericAll","IsInherited":false},{"PrincipalSID":"S-1-5-21-2293535422-227910474-3663383505-526","PrincipalType":"Group","RightName":"AddKeyCredentialLink","IsInherited":true},{"PrincipalSID":"S-1-5-21-2293535422-227910474-3663383505-527","PrincipalType":"Group","RightName":"AddKeyCredentialLink","IsInherited":true},{"PrincipalSID":"S-1-5-21-2293535422-227910474-3663383505-519","PrincipalType":"Group","RightName":"GenericAll","IsInherited":true},{"PrincipalSID":"XOR.COM-S-1-5-32-544","PrincipalType":"Group","RightName":"WriteDacl","IsInherited":true},{"PrincipalSID":"XOR.COM-S-1-5-32-544","PrincipalType":"Group","RightName":"WriteOwner","IsInherited":true},{"PrincipalSID":"XOR.COM-S-1-5-32-544","PrincipalType":"Group","RightName":"AllExtendedRights","IsInherited":true},{"PrincipalSID":"XOR.COM-S-1-5-32-544","PrincipalType":"Group","RightName":"GenericWrite","IsInherited":true}],"ObjectIdentifier":"S-1-5-21-2293535422-227910474-3663383505-1122","IsDeleted":false,"IsACLProtected":false},{"Properties":{"domain":"XOR.COM","name":"BETHANY@XOR.COM","distinguishedname":"CN=BETHANY,OU=REGULARPERSONAL,OU=XORUSR,DC=XOR,DC=COM","domainsid":"S-1-5-21-2293535422-227910474-3663383505","highvalue":false,"samaccountname":"bethany","description":null,"whencreated":1558357627,"sensitive":false,"dontreqpreauth":false,"passwordnotreqd":false,"unconstraineddelegation":false,"pwdneverexpires":true,"enabled":true,"trustedtoauth":false,"lastlogon":0,"lastlogontimestamp":-1,"pwdlastset":1558382827,"serviceprincipalnames":[],"hasspn":false,"displayname":"Bethany","email":null,"title":null,"homedirectory":null,"userpassword":null,"unixpassword":null,"unicodepassword":null,"sfupassword":null,"logonscript":null,"admincount":false,"sidhistory":[]},"AllowedToDelegate":[],"PrimaryGroupSID":"S-1-5-21-2293535422-227910474-3663383505-513","HasSIDHistory":[],"SPNTargets":[],"Aces":[{"PrincipalSID":"S-1-5-21-2293535422-227910474-3663383505-512","PrincipalType":"Group","RightName":"Owns","IsInherited":false},{"PrincipalSID":"XOR.COM-S-1-5-32-548","PrincipalType":"Group","RightName":"GenericAll","IsInherited":false},{"PrincipalSID":"S-1-5-21-2293535422-227910474-3663383505-512","PrincipalType":"Group","RightName":"GenericAll","IsInherited":false},{"PrincipalSID":"S-1-5-21-2293535422-227910474-3663383505-526","PrincipalType":"Group","RightName":"AddKeyCredentialLink","IsInherited":true},{"PrincipalSID":"S-1-5-21-2293535422-227910474-3663383505-527","PrincipalType":"Group","RightName":"AddKeyCredentialLink","IsInherited":true},{"PrincipalSID":"S-1-5-21-2293535422-227910474-3663383505-519","PrincipalType":"Group","RightName":"GenericAll","IsInherited":true},{"PrincipalSID":"XOR.COM-S-1-5-32-544","PrincipalType":"Group","RightName":"WriteDacl","IsInherited":true},{"PrincipalSID":"XOR.COM-S-1-5-32-544","PrincipalType":"Group","RightName":"WriteOwner","IsInherited":true},{"PrincipalSID":"XOR.COM-S-1-5-32-544","PrincipalType":"Group","RightName":"AllExtendedRights","IsInherited":true},{"PrincipalSID":"XOR.COM-S-1-5-32-544","PrincipalType":"Group","RightName":"GenericWrite","IsInherited":true}],"ObjectIdentifier":"S-1-5-21-2293535422-227910474-3663383505-1108","IsDeleted":false,"IsACLProtected":false},{"Properties":{"domain":"XOR.COM","name":"PETE@XOR.COM","distinguishedname":"CN=PETE,OU=SERVERPERSONAL,OU=XORUSR,DC=XOR,DC=COM","domainsid":"S-1-5-21-2293535422-227910474-3663383505","highvalue":false,"samaccountname":"pete","description":null,"whencreated":1558357628,"sensitive":false,"dontreqpreauth":false,"passwordnotreqd":false,"unconstraineddelegation":false,"pwdneverexpires":true,"enabled":true,"trustedtoauth":false,"lastlogon":0,"lastlogontimestamp":-1,"pwdlastset":1558382828,"serviceprincipalnames":[],"hasspn":false,"displayname":"Pete","email":null,"title":null,"homedirectory":null,"userpassword":null,"unixpassword":null,"unicodepassword":null,"sfupassword":null,"logonscript":null,"admincount":false,"sidhistory":[]},"AllowedToDelegate":[],"PrimaryGroupSID":"S-1-5-21-2293535422-227910474-3663383505-513","HasSIDHistory":[],"SPNTargets":[],"Aces":[{"PrincipalSID":"S-1-5-21-2293535422-227910474-3663383505-512","PrincipalType":"Group","RightName":"Owns","IsInherited":false},{"PrincipalSID":"XOR.COM-S-1-5-32-548","PrincipalType":"Group","RightName":"GenericAll","IsInherited":false},{"PrincipalSID":"S-1-5-21-2293535422-227910474-3663383505-512","PrincipalType":"Group","RightName":"GenericAll","IsInherited":false},{"PrincipalSID":"S-1-5-21-2293535422-227910474-3663383505-526","PrincipalType":"Group","RightName":"AddKeyCredentialLink","IsInherited":true},{"PrincipalSID":"S-1-5-21-2293535422-227910474-3663383505-527","PrincipalType":"Group","RightName":"AddKeyCredentialLink","IsInherited":true},{"PrincipalSID":"S-1-5-21-2293535422-227910474-3663383505-519","PrincipalType":"Group","RightName":"GenericAll","IsInherited":true},{"PrincipalSID":"XOR.COM-S-1-5-32-544","PrincipalType":"Group","RightName":"WriteDacl","IsInherited":true},{"PrincipalSID":"XOR.COM-S-1-5-32-544","PrincipalType":"Group","RightName":"WriteOwner","IsInherited":true},{"PrincipalSID":"XOR.COM-S-1-5-32-544","PrincipalType":"Group","RightName":"AllExtendedRights","IsInherited":true},{"PrincipalSID":"XOR.COM-S-1-5-32-544","PrincipalType":"Group","RightName":"GenericWrite","IsInherited":true}],"ObjectIdentifier":"S-1-5-21-2293535422-227910474-3663383505-1121","IsDeleted":false,"IsACLProtected":false},{"Properties":{"domain":"XOR.COM","name":"CHRIS@XOR.COM","distinguishedname":"CN=CHRIS,OU=REGULARPERSONAL,OU=XORUSR,DC=XOR,DC=COM","domainsid":"S-1-5-21-2293535422-227910474-3663383505","highvalue":false,"samaccountname":"chris","description":null,"whencreated":1558357626,"sensitive":false,"dontreqpreauth":false,"passwordnotreqd":false,"unconstraineddelegation":false,"pwdneverexpires":true,"enabled":true,"trustedtoauth":false,"lastlogon":0,"lastlogontimestamp":-1,"pwdlastset":1558382826,"serviceprincipalnames":[],"hasspn":false,"displayname":"Chris","email":null,"title":null,"homedirectory":null,"userpassword":null,"unixpassword":null,"unicodepassword":null,"sfupassword":null,"logonscript":null,"admincount":false,"sidhistory":[]},"AllowedToDelegate":[],"PrimaryGroupSID":"S-1-5-21-2293535422-227910474-3663383505-513","HasSIDHistory":[],"SPNTargets":[],"Aces":[{"PrincipalSID":"S-1-5-21-2293535422-227910474-3663383505-512","PrincipalType":"Group","RightName":"Owns","IsInherited":false},{"PrincipalSID":"XOR.COM-S-1-5-32-548","PrincipalType":"Group","RightName":"GenericAll","IsInherited":false},{"PrincipalSID":"S-1-5-21-2293535422-227910474-3663383505-512","PrincipalType":"Group","RightName":"GenericAll","IsInherited":false},{"PrincipalSID":"S-1-5-21-2293535422-227910474-3663383505-526","PrincipalType":"Group","RightName":"AddKeyCredentialLink","IsInherited":true},{"PrincipalSID":"S-1-5-21-2293535422-227910474-3663383505-527","PrincipalType":"Group","RightName":"AddKeyCredentialLink","IsInherited":true},{"PrincipalSID":"S-1-5-21-2293535422-227910474-3663383505-519","PrincipalType":"Group","RightName":"GenericAll","IsInherited":true},{"PrincipalSID":"XOR.COM-S-1-5-32-544","PrincipalType":"Group","RightName":"WriteDacl","IsInherited":true},{"PrincipalSID":"XOR.COM-S-1-5-32-544","PrincipalType":"Group","RightName":"WriteOwner","IsInherited":true},{"PrincipalSID":"XOR.COM-S-1-5-32-544","PrincipalType":"Group","RightName":"AllExtendedRights","IsInherited":true},{"PrincipalSID":"XOR.COM-S-1-5-32-544","PrincipalType":"Group","RightName":"GenericWrite","IsInherited":true}],"ObjectIdentifier":"S-1-5-21-2293535422-227910474-3663383505-1103","IsDeleted":false,"IsACLProtected":false},{"Properties":{"domain":"XOR.COM","name":"KEVIN@XOR.COM","distinguishedname":"CN=KEVIN,OU=HELPDESKPERSONAL,OU=REGULARPERSONAL,OU=XORUSR,DC=XOR,DC=COM","domainsid":"S-1-5-21-2293535422-227910474-3663383505","highvalue":false,"samaccountname":"kevin","description":null,"whencreated":1558357627,"sensitive":false,"dontreqpreauth":false,"passwordnotreqd":false,"unconstraineddelegation":false,"pwdneverexpires":true,"enabled":true,"trustedtoauth":false,"lastlogon":0,"lastlogontimestamp":-1,"pwdlastset":1558382827,"serviceprincipalnames":[],"hasspn":false,"displayname":"Kevin","email":null,"title":null,"homedirectory":null,"userpassword":null,"unixpassword":null,"unicodepassword":null,"sfupassword":null,"logonscript":null,"admincount":false,"sidhistory":[]},"AllowedToDelegate":[],"PrimaryGroupSID":"S-1-5-21-2293535422-227910474-3663383505-513","HasSIDHistory":[],"SPNTargets":[],"Aces":[{"PrincipalSID":"S-1-5-21-2293535422-227910474-3663383505-512","PrincipalType":"Group","RightName":"Owns","IsInherited":false},{"PrincipalSID":"XOR.COM-S-1-5-32-548","PrincipalType":"Group","RightName":"GenericAll","IsInherited":false},{"PrincipalSID":"S-1-5-21-2293535422-227910474-3663383505-512","PrincipalType":"Group","RightName":"GenericAll","IsInherited":false},{"PrincipalSID":"S-1-5-21-2293535422-227910474-3663383505-526","PrincipalType":"Group","RightName":"AddKeyCredentialLink","IsInherited":true},{"PrincipalSID":"S-1-5-21-2293535422-227910474-3663383505-527","PrincipalType":"Group","RightName":"AddKeyCredentialLink","IsInherited":true},{"PrincipalSID":"S-1-5-21-2293535422-227910474-3663383505-519","PrincipalType":"Group","RightName":"GenericAll","IsInherited":true},{"PrincipalSID":"XOR.COM-S-1-5-32-544","PrincipalType":"Group","RightName":"WriteDacl","IsInherited":true},{"PrincipalSID":"XOR.COM-S-1-5-32-544","PrincipalType":"Group","RightName":"WriteOwner","IsInherited":true},{"PrincipalSID":"XOR.COM-S-1-5-32-544","PrincipalType":"Group","RightName":"AllExtendedRights","IsInherited":true},{"PrincipalSID":"XOR.COM-S-1-5-32-544","PrincipalType":"Group","RightName":"GenericWrite","IsInherited":true}],"ObjectIdentifier":"S-1-5-21-2293535422-227910474-3663383505-1114","IsDeleted":false,"IsACLProtected":false},{"Properties":{"domain":"XOR.COM","name":"SHERLOCK@XOR.COM","distinguishedname":"CN=SHERLOCK,OU=REGULARPERSONAL,OU=XORUSR,DC=XOR,DC=COM","domainsid":"S-1-5-21-2293535422-227910474-3663383505","highvalue":false,"samaccountname":"sherlock","description":null,"whencreated":1558357627,"sensitive":false,"dontreqpreauth":false,"passwordnotreqd":false,"unconstraineddelegation":false,"pwdneverexpires":true,"enabled":true,"trustedtoauth":false,"lastlogon":0,"lastlogontimestamp":-1,"pwdlastset":1558382827,"serviceprincipalnames":[],"hasspn":false,"displayname":"Sherlock","email":null,"title":null,"homedirectory":null,"userpassword":null,"unixpassword":null,"unicodepassword":null,"sfupassword":null,"logonscript":null,"admincount":false,"sidhistory":[]},"AllowedToDelegate":[],"PrimaryGroupSID":"S-1-5-21-2293535422-227910474-3663383505-513","HasSIDHistory":[],"SPNTargets":[],"Aces":[{"PrincipalSID":"S-1-5-21-2293535422-227910474-3663383505-512","PrincipalType":"Group","RightName":"Owns","IsInherited":false},{"PrincipalSID":"XOR.COM-S-1-5-32-548","PrincipalType":"Group","RightName":"GenericAll","IsInherited":false},{"PrincipalSID":"S-1-5-21-2293535422-227910474-3663383505-512","PrincipalType":"Group","RightName":"GenericAll","IsInherited":false},{"PrincipalSID":"S-1-5-21-2293535422-227910474-3663383505-526","PrincipalType":"Group","RightName":"AddKeyCredentialLink","IsInherited":true},{"PrincipalSID":"S-1-5-21-2293535422-227910474-3663383505-527","PrincipalType":"Group","RightName":"AddKeyCredentialLink","IsInherited":true},{"PrincipalSID":"S-1-5-21-2293535422-227910474-3663383505-519","PrincipalType":"Group","RightName":"GenericAll","IsInherited":true},{"PrincipalSID":"XOR.COM-S-1-5-32-544","PrincipalType":"Group","RightName":"WriteDacl","IsInherited":true},{"PrincipalSID":"XOR.COM-S-1-5-32-544","PrincipalType":"Group","RightName":"WriteOwner","IsInherited":true},{"PrincipalSID":"XOR.COM-S-1-5-32-544","PrincipalType":"Group","RightName":"AllExtendedRights","IsInherited":true},{"PrincipalSID":"XOR.COM-S-1-5-32-544","PrincipalType":"Group","RightName":"GenericWrite","IsInherited":true}],"ObjectIdentifier":"S-1-5-21-2293535422-227910474-3663383505-1110","IsDeleted":false,"IsACLProtected":false},{"Properties":{"domain":"XOR.COM","name":"NINA@XOR.COM","distinguishedname":"CN=NINA,OU=WORKSTATIONPERSONAL,OU=XORUSR,DC=XOR,DC=COM","domainsid":"S-1-5-21-2293535422-227910474-3663383505","highvalue":false,"samaccountname":"nina","description":null,"whencreated":1558357627,"sensitive":false,"dontreqpreauth":false,"passwordnotreqd":false,"unconstraineddelegation":false,"pwdneverexpires":true,"enabled":true,"trustedtoauth":false,"lastlogon":0,"lastlogontimestamp":-1,"pwdlastset":1558382827,"serviceprincipalnames":[],"hasspn":false,"displayname":"Nina","email":null,"title":null,"homedirectory":null,"userpassword":null,"unixpassword":null,"unicodepassword":null,"sfupassword":null,"logonscript":null,"admincount":false,"sidhistory":[]},"AllowedToDelegate":[],"PrimaryGroupSID":"S-1-5-21-2293535422-227910474-3663383505-513","HasSIDHistory":[],"SPNTargets":[],"Aces":[{"PrincipalSID":"S-1-5-21-2293535422-227910474-3663383505-512","PrincipalType":"Group","RightName":"Owns","IsInherited":false},{"PrincipalSID":"XOR.COM-S-1-5-32-548","PrincipalType":"Group","RightName":"GenericAll","IsInherited":false},{"PrincipalSID":"S-1-5-21-2293535422-227910474-3663383505-512","PrincipalType":"Group","RightName":"GenericAll","IsInherited":false},{"PrincipalSID":"S-1-5-21-2293535422-227910474-3663383505-526","PrincipalType":"Group","RightName":"AddKeyCredentialLink","IsInherited":true},{"PrincipalSID":"S-1-5-21-2293535422-227910474-3663383505-527","PrincipalType":"Group","RightName":"AddKeyCredentialLink","IsInherited":true},{"PrincipalSID":"S-1-5-21-2293535422-227910474-3663383505-519","PrincipalType":"Group","RightName":"GenericAll","IsInherited":true},{"PrincipalSID":"XOR.COM-S-1-5-32-544","PrincipalType":"Group","RightName":"WriteDacl","IsInherited":true},{"PrincipalSID":"XOR.COM-S-1-5-32-544","PrincipalType":"Group","RightName":"WriteOwner","IsInherited":true},{"PrincipalSID":"XOR.COM-S-1-5-32-544","PrincipalType":"Group","RightName":"AllExtendedRights","IsInherited":true},{"PrincipalSID":"XOR.COM-S-1-5-32-544","PrincipalType":"Group","RightName":"GenericWrite","IsInherited":true}],"ObjectIdentifier":"S-1-5-21-2293535422-227910474-3663383505-1116","IsDeleted":false,"IsACLProtected":false},{"Properties":{"name":"NT AUTHORITY@XOR.COM","domainsid":"S-1-5-21-2293535422-227910474-3663383505","domain":"XOR.COM"},"AllowedToDelegate":[],"PrimaryGroupSID":null,"HasSIDHistory":[],"SPNTargets":[],"Aces":[],"ObjectIdentifier":"XOR.COM-S-1-5-20","IsDeleted":false,"IsACLProtected":false}],"meta":{"methods":29675,"type":"users","count":29,"version":5}}