﻿{"data":[{"GPOChanges":{"LocalAdmins":[],"RemoteDesktopUsers":[],"DcomUsers":[],"PSRemoteUsers":[],"AffectedComputers":[]},"Properties":{"domain":"XOR.COM","name":"XORGRPS@XOR.COM","distinguishedname":"OU=XORGRPS,DC=XOR,DC=COM","domainsid":"S-1-5-21-2293535422-227910474-3663383505","highvalue":false,"description":null,"whencreated":1558357625,"blocksinheritance":false},"Links":[],"ChildObjects":[{"ObjectIdentifier":"S-1-5-21-2293535422-227910474-3663383505-1128","ObjectType":"Group"},{"ObjectIdentifier":"S-1-5-21-2293535422-227910474-3663383505-1131","ObjectType":"Group"},{"ObjectIdentifier":"S-1-5-21-2293535422-227910474-3663383505-1129","ObjectType":"Group"},{"ObjectIdentifier":"S-1-5-21-2293535422-227910474-3663383505-1130","ObjectType":"Group"},{"ObjectIdentifier":"S-1-5-21-2293535422-227910474-3663383505-1133","ObjectType":"Group"},{"ObjectIdentifier":"S-1-5-21-2293535422-227910474-3663383505-1132","ObjectType":"Group"}],"Aces":[{"PrincipalSID":"S-1-5-21-2293535422-227910474-3663383505-512","PrincipalType":"Group","RightName":"Owns","IsInherited":false},{"PrincipalSID":"S-1-5-21-2293535422-227910474-3663383505-512","PrincipalType":"Group","RightName":"GenericAll","IsInherited":false},{"PrincipalSID":"S-1-5-21-2293535422-227910474-3663383505-519","PrincipalType":"Group","RightName":"GenericAll","IsInherited":true},{"PrincipalSID":"XOR.COM-S-1-5-32-544","PrincipalType":"Group","RightName":"WriteDacl","IsInherited":true},{"PrincipalSID":"XOR.COM-S-1-5-32-544","PrincipalType":"Group","RightName":"WriteOwner","IsInherited":true}],"ObjectIdentifier":"A7AFD095-94AB-45D3-A1A4-1F12496CBA5F","IsDeleted":false,"IsACLProtected":false},{"GPOChanges":{"LocalAdmins":[],"RemoteDesktopUsers":[],"DcomUsers":[],"PSRemoteUsers":[],"AffectedComputers":[]},"Properties":{"domain":"XOR.COM","name":"DOMAIN CONTROLLERS@XOR.COM","distinguishedname":"OU=DOMAIN CONTROLLERS,DC=XOR,DC=COM","domainsid":"S-1-5-21-2293535422-227910474-3663383505","highvalue":false,"description":"Default container for domain controllers","whencreated":1558356962,"blocksinheritance":false},"Links":[{"IsEnforced":false,"GUID":"0B82A07A-B380-4DD7-B023-D3EADD9F75F6"}],"ChildObjects":[{"ObjectIdentifier":"S-1-5-21-2293535422-227910474-3663383505-1000","ObjectType":"Computer"}],"Aces":[{"PrincipalSID":"S-1-5-21-2293535422-227910474-3663383505-512","PrincipalType":"Group","RightName":"Owns","IsInherited":false},{"PrincipalSID":"S-1-5-21-2293535422-227910474-3663383505-512","PrincipalType":"Group","RightName":"WriteDacl","IsInherited":false},{"PrincipalSID":"S-1-5-21-2293535422-227910474-3663383505-512","PrincipalType":"Group","RightName":"WriteOwner","IsInherited":false},{"PrincipalSID":"S-1-5-21-2293535422-227910474-3663383505-519","PrincipalType":"Group","RightName":"GenericAll","IsInherited":true},{"PrincipalSID":"XOR.COM-S-1-5-32-544","PrincipalType":"Group","RightName":"WriteDacl","IsInherited":true},{"PrincipalSID":"XOR.COM-S-1-5-32-544","PrincipalType":"Group","RightName":"WriteOwner","IsInherited":true}],"ObjectIdentifier":"238D034E-A7ED-44D6-8273-C3CD67CFD6DF","IsDeleted":false,"IsACLProtected":false},{"GPOChanges":{"LocalAdmins":[],"RemoteDesktopUsers":[],"DcomUsers":[],"PSRemoteUsers":[],"AffectedComputers":[]},"Properties":{"domain":"XOR.COM","name":"XORUSR@XOR.COM","distinguishedname":"OU=XORUSR,DC=XOR,DC=COM","domainsid":"S-1-5-21-2293535422-227910474-3663383505","highvalue":false,"description":null,"whencreated":1558357626,"blocksinheritance":false},"Links":[],"ChildObjects":[{"ObjectIdentifier":"0EA6FA08-3AAD-4A2D-AB2A-195DAA3D4623","ObjectType":"OU"},{"ObjectIdentifier":"CC4731DD-070A-4A1D-B1D3-9DD9C6B3FCFD","ObjectType":"OU"},{"ObjectIdentifier":"1408FC31-A51F-4CE2-9FB8-57C4D2A60B71","ObjectType":"OU"},{"ObjectIdentifier":"BA794E69-23DD-4393-AE12-B199D9E22844","ObjectType":"OU"},{"ObjectIdentifier":"4B29E34F-D5D0-4FBA-8EEF-0475B6BD50E1","ObjectType":"OU"}],"Aces":[{"PrincipalSID":"S-1-5-21-2293535422-227910474-3663383505-512","PrincipalType":"Group","RightName":"Owns","IsInherited":false},{"PrincipalSID":"S-1-5-21-2293535422-227910474-3663383505-512","PrincipalType":"Group","RightName":"GenericAll","IsInherited":false},{"PrincipalSID":"S-1-5-21-2293535422-227910474-3663383505-519","PrincipalType":"Group","RightName":"GenericAll","IsInherited":true},{"PrincipalSID":"XOR.COM-S-1-5-32-544","PrincipalType":"Group","RightName":"WriteDacl","IsInherited":true},{"PrincipalSID":"XOR.COM-S-1-5-32-544","PrincipalType":"Group","RightName":"WriteOwner","IsInherited":true}],"ObjectIdentifier":"4B8B36D0-6922-4606-A389-C93772B8A2A6","IsDeleted":false,"IsACLProtected":false},{"GPOChanges":{"LocalAdmins":[],"RemoteDesktopUsers":[],"DcomUsers":[],"PSRemoteUsers":[],"AffectedComputers":[]},"Properties":{"domain":"XOR.COM","name":"ADMINPERSONAL@XOR.COM","distinguishedname":"OU=ADMINPERSONAL,OU=XORUSR,DC=XOR,DC=COM","domainsid":"S-1-5-21-2293535422-227910474-3663383505","highvalue":false,"description":null,"whencreated":1558357626,"blocksinheritance":false},"Links":[],"ChildObjects":[{"ObjectIdentifier":"S-1-5-21-2293535422-227910474-3663383505-1124","ObjectType":"User"},{"ObjectIdentifier":"S-1-5-21-2293535422-227910474-3663383505-1123","ObjectType":"User"}],"Aces":[{"PrincipalSID":"S-1-5-21-2293535422-227910474-3663383505-512","PrincipalType":"Group","RightName":"Owns","IsInherited":false},{"PrincipalSID":"S-1-5-21-2293535422-227910474-3663383505-512","PrincipalType":"Group","RightName":"GenericAll","IsInherited":false},{"PrincipalSID":"S-1-5-21-2293535422-227910474-3663383505-519","PrincipalType":"Group","RightName":"GenericAll","IsInherited":true},{"PrincipalSID":"XOR.COM-S-1-5-32-544","PrincipalType":"Group","RightName":"WriteDacl","IsInherited":true},{"PrincipalSID":"XOR.COM-S-1-5-32-544","PrincipalType":"Group","RightName":"WriteOwner","IsInherited":true}],"ObjectIdentifier":"0EA6FA08-3AAD-4A2D-AB2A-195DAA3D4623","IsDeleted":false,"IsACLProtected":false},{"GPOChanges":{"LocalAdmins":[],"RemoteDesktopUsers":[],"DcomUsers":[],"PSRemoteUsers":[],"AffectedComputers":[]},"Properties":{"domain":"XOR.COM","name":"REGULARPERSONAL@XOR.COM","distinguishedname":"OU=REGULARPERSONAL,OU=XORUSR,DC=XOR,DC=COM","domainsid":"S-1-5-21-2293535422-227910474-3663383505","highvalue":false,"description":null,"whencreated":1558357626,"blocksinheritance":false},"Links":[],"ChildObjects":[{"ObjectIdentifier":"S-1-5-21-2293535422-227910474-3663383505-1108","ObjectType":"User"},{"ObjectIdentifier":"S-1-5-21-2293535422-227910474-3663383505-1106","ObjectType":"User"},{"ObjectIdentifier":"S-1-5-21-2293535422-227910474-3663383505-1109","ObjectType":"User"},{"ObjectIdentifier":"S-1-5-21-2293535422-227910474-3663383505-1103","ObjectType":"User"},{"ObjectIdentifier":"0039719C-73FA-4D1E-BBC6-A480490D97FC","ObjectType":"OU"},{"ObjectIdentifier":"S-1-5-21-2293535422-227910474-3663383505-1112","ObjectType":"User"},{"ObjectIdentifier":"S-1-5-21-2293535422-227910474-3663383505-1105","ObjectType":"User"},{"ObjectIdentifier":"S-1-5-21-2293535422-227910474-3663383505-1111","ObjectType":"User"},{"ObjectIdentifier":"S-1-5-21-2293535422-227910474-3663383505-1104","ObjectType":"User"},{"ObjectIdentifier":"S-1-5-21-2293535422-227910474-3663383505-1107","ObjectType":"User"},{"ObjectIdentifier":"S-1-5-21-2293535422-227910474-3663383505-1110","ObjectType":"User"}],"Aces":[{"PrincipalSID":"S-1-5-21-2293535422-227910474-3663383505-512","PrincipalType":"Group","RightName":"Owns","IsInherited":false},{"PrincipalSID":"S-1-5-21-2293535422-227910474-3663383505-512","PrincipalType":"Group","RightName":"GenericAll","IsInherited":false},{"PrincipalSID":"S-1-5-21-2293535422-227910474-3663383505-519","PrincipalType":"Group","RightName":"GenericAll","IsInherited":true},{"PrincipalSID":"XOR.COM-S-1-5-32-544","PrincipalType":"Group","RightName":"WriteDacl","IsInherited":true},{"PrincipalSID":"XOR.COM-S-1-5-32-544","PrincipalType":"Group","RightName":"WriteOwner","IsInherited":true}],"ObjectIdentifier":"CC4731DD-070A-4A1D-B1D3-9DD9C6B3FCFD","IsDeleted":false,"IsACLProtected":false},{"GPOChanges":{"LocalAdmins":[],"RemoteDesktopUsers":[],"DcomUsers":[],"PSRemoteUsers":[],"AffectedComputers":[]},"Properties":{"domain":"XOR.COM","name":"SERVICEACCOUNTS@XOR.COM","distinguishedname":"OU=SERVICEACCOUNTS,OU=XORUSR,DC=XOR,DC=COM","domainsid":"S-1-5-21-2293535422-227910474-3663383505","highvalue":false,"description":null,"whencreated":1558357626,"blocksinheritance":false},"Links":[],"ChildObjects":[{"ObjectIdentifier":"S-1-5-21-2293535422-227910474-3663383505-1126","ObjectType":"User"},{"ObjectIdentifier":"S-1-5-21-2293535422-227910474-3663383505-1127","ObjectType":"User"},{"ObjectIdentifier":"S-1-5-21-2293535422-227910474-3663383505-1170","ObjectType":"User"}],"Aces":[{"PrincipalSID":"S-1-5-21-2293535422-227910474-3663383505-512","PrincipalType":"Group","RightName":"Owns","IsInherited":false},{"PrincipalSID":"S-1-5-21-2293535422-227910474-3663383505-512","PrincipalType":"Group","RightName":"GenericAll","IsInherited":false},{"PrincipalSID":"S-1-5-21-2293535422-227910474-3663383505-519","PrincipalType":"Group","RightName":"GenericAll","IsInherited":true},{"PrincipalSID":"XOR.COM-S-1-5-32-544","PrincipalType":"Group","RightName":"WriteDacl","IsInherited":true},{"PrincipalSID":"XOR.COM-S-1-5-32-544","PrincipalType":"Group","RightName":"WriteOwner","IsInherited":true}],"ObjectIdentifier":"BA794E69-23DD-4393-AE12-B199D9E22844","IsDeleted":false,"IsACLProtected":false},{"GPOChanges":{"LocalAdmins":[],"RemoteDesktopUsers":[],"DcomUsers":[],"PSRemoteUsers":[],"AffectedComputers":[]},"Properties":{"domain":"XOR.COM","name":"HELPDESKPERSONAL@XOR.COM","distinguishedname":"OU=HELPDESKPERSONAL,OU=REGULARPERSONAL,OU=XORUSR,DC=XOR,DC=COM","domainsid":"S-1-5-21-2293535422-227910474-3663383505","highvalue":false,"description":null,"whencreated":1558357626,"blocksinheritance":false},"Links":[],"ChildObjects":[{"ObjectIdentifier":"S-1-5-21-2293535422-227910474-3663383505-1115","ObjectType":"User"},{"ObjectIdentifier":"S-1-5-21-2293535422-227910474-3663383505-1113","ObjectType":"User"},{"ObjectIdentifier":"S-1-5-21-2293535422-227910474-3663383505-1114","ObjectType":"User"}],"Aces":[{"PrincipalSID":"S-1-5-21-2293535422-227910474-3663383505-512","PrincipalType":"Group","RightName":"Owns","IsInherited":false},{"PrincipalSID":"S-1-5-21-2293535422-227910474-3663383505-512","PrincipalType":"Group","RightName":"GenericAll","IsInherited":false},{"PrincipalSID":"S-1-5-21-2293535422-227910474-3663383505-519","PrincipalType":"Group","RightName":"GenericAll","IsInherited":true},{"PrincipalSID":"XOR.COM-S-1-5-32-544","PrincipalType":"Group","RightName":"WriteDacl","IsInherited":true},{"PrincipalSID":"XOR.COM-S-1-5-32-544","PrincipalType":"Group","RightName":"WriteOwner","IsInherited":true}],"ObjectIdentifier":"0039719C-73FA-4D1E-BBC6-A480490D97FC","IsDeleted":false,"IsACLProtected":false},{"GPOChanges":{"LocalAdmins":[],"RemoteDesktopUsers":[],"DcomUsers":[],"PSRemoteUsers":[],"AffectedComputers":[]},"Properties":{"domain":"XOR.COM","name":"XORCOMPUTERS@XOR.COM","distinguishedname":"OU=XORCOMPUTERS,DC=XOR,DC=COM","domainsid":"S-1-5-21-2293535422-227910474-3663383505","highvalue":false,"description":null,"whencreated":1558357626,"blocksinheritance":false},"Links":[{"IsEnforced":false,"GUID":"056F402D-8919-41AB-AE1B-327D41EB1FB2"}],"ChildObjects":[{"ObjectIdentifier":"EA4E61A6-994E-495E-A2C9-711B620ABF27","ObjectType":"OU"},{"ObjectIdentifier":"97938BF1-5AD5-4633-AEBF-948F2BE80147","ObjectType":"OU"}],"Aces":[{"PrincipalSID":"S-1-5-21-2293535422-227910474-3663383505-512","PrincipalType":"Group","RightName":"Owns","IsInherited":false},{"PrincipalSID":"S-1-5-21-2293535422-227910474-3663383505-512","PrincipalType":"Group","RightName":"GenericAll","IsInherited":false},{"PrincipalSID":"S-1-5-21-2293535422-227910474-3663383505-519","PrincipalType":"Group","RightName":"GenericAll","IsInherited":true},{"PrincipalSID":"XOR.COM-S-1-5-32-544","PrincipalType":"Group","RightName":"WriteDacl","IsInherited":true},{"PrincipalSID":"XOR.COM-S-1-5-32-544","PrincipalType":"Group","RightName":"WriteOwner","IsInherited":true}],"ObjectIdentifier":"63C35A73-4E94-43CC-B937-41000BDC8755","IsDeleted":false,"IsACLProtected":false},{"GPOChanges":{"LocalAdmins":[],"RemoteDesktopUsers":[],"DcomUsers":[],"PSRemoteUsers":[],"AffectedComputers":[]},"Properties":{"domain":"XOR.COM","name":"SERVERS@XOR.COM","distinguishedname":"OU=SERVERS,OU=XORCOMPUTERS,DC=XOR,DC=COM","domainsid":"S-1-5-21-2293535422-227910474-3663383505","highvalue":false,"description":null,"whencreated":1558357626,"blocksinheritance":false},"Links":[{"IsEnforced":false,"GUID":"9F31AD29-DB36-4436-85F7-F6023ED1AB19"}],"ChildObjects":[{"ObjectIdentifier":"S-1-5-21-2293535422-227910474-3663383505-1134","ObjectType":"Computer"},{"ObjectIdentifier":"S-1-5-21-2293535422-227910474-3663383505-1135","ObjectType":"Computer"},{"ObjectIdentifier":"S-1-5-21-2293535422-227910474-3663383505-1136","ObjectType":"Computer"},{"ObjectIdentifier":"S-1-5-21-2293535422-227910474-3663383505-1137","ObjectType":"Computer"},{"ObjectIdentifier":"S-1-5-21-2293535422-227910474-3663383505-1141","ObjectType":"Computer"},{"ObjectIdentifier":"S-1-5-21-2293535422-227910474-3663383505-1138","ObjectType":"Computer"},{"ObjectIdentifier":"S-1-5-21-2293535422-227910474-3663383505-1142","ObjectType":"Computer"},{"ObjectIdentifier":"S-1-5-21-2293535422-227910474-3663383505-1143","ObjectType":"Computer"},{"ObjectIdentifier":"S-1-5-21-2293535422-227910474-3663383505-1140","ObjectType":"Computer"},{"ObjectIdentifier":"S-1-5-21-2293535422-227910474-3663383505-1139","ObjectType":"Computer"},{"ObjectIdentifier":"S-1-5-21-2293535422-227910474-3663383505-1149","ObjectType":"Computer"},{"ObjectIdentifier":"S-1-5-21-2293535422-227910474-3663383505-1144","ObjectType":"Computer"},{"ObjectIdentifier":"S-1-5-21-2293535422-227910474-3663383505-1145","ObjectType":"Computer"},{"ObjectIdentifier":"S-1-5-21-2293535422-227910474-3663383505-1146","ObjectType":"Computer"},{"ObjectIdentifier":"S-1-5-21-2293535422-227910474-3663383505-1147","ObjectType":"Computer"},{"ObjectIdentifier":"S-1-5-21-2293535422-227910474-3663383505-1148","ObjectType":"Computer"}],"Aces":[{"PrincipalSID":"S-1-5-21-2293535422-227910474-3663383505-512","PrincipalType":"Group","RightName":"Owns","IsInherited":false},{"PrincipalSID":"S-1-5-21-2293535422-227910474-3663383505-512","PrincipalType":"Group","RightName":"GenericAll","IsInherited":false},{"PrincipalSID":"S-1-5-21-2293535422-227910474-3663383505-519","PrincipalType":"Group","RightName":"GenericAll","IsInherited":true},{"PrincipalSID":"XOR.COM-S-1-5-32-544","PrincipalType":"Group","RightName":"WriteDacl","IsInherited":true},{"PrincipalSID":"XOR.COM-S-1-5-32-544","PrincipalType":"Group","RightName":"WriteOwner","IsInherited":true}],"ObjectIdentifier":"97938BF1-5AD5-4633-AEBF-948F2BE80147","IsDeleted":false,"IsACLProtected":false},{"GPOChanges":{"LocalAdmins":[],"RemoteDesktopUsers":[],"DcomUsers":[],"PSRemoteUsers":[],"AffectedComputers":[]},"Properties":{"domain":"XOR.COM","name":"DESKTOPS@XOR.COM","distinguishedname":"OU=DESKTOPS,OU=XORCOMPUTERS,DC=XOR,DC=COM","domainsid":"S-1-5-21-2293535422-227910474-3663383505","highvalue":false,"description":null,"whencreated":1558357626,"blocksinheritance":false},"Links":[{"IsEnforced":false,"GUID":"9DDF3573-DB30-424F-8392-06A2D7BB0775"}],"ChildObjects":[{"ObjectIdentifier":"S-1-5-21-2293535422-227910474-3663383505-1150","ObjectType":"Computer"},{"ObjectIdentifier":"S-1-5-21-2293535422-227910474-3663383505-1164","ObjectType":"Computer"},{"ObjectIdentifier":"S-1-5-21-2293535422-227910474-3663383505-1165","ObjectType":"Computer"},{"ObjectIdentifier":"S-1-5-21-2293535422-227910474-3663383505-1151","ObjectType":"Computer"},{"ObjectIdentifier":"S-1-5-21-2293535422-227910474-3663383505-1152","ObjectType":"Computer"},{"ObjectIdentifier":"S-1-5-21-2293535422-227910474-3663383505-1153","ObjectType":"Computer"},{"ObjectIdentifier":"S-1-5-21-2293535422-227910474-3663383505-1166","ObjectType":"Computer"},{"ObjectIdentifier":"S-1-5-21-2293535422-227910474-3663383505-1167","ObjectType":"Computer"},{"ObjectIdentifier":"S-1-5-21-2293535422-227910474-3663383505-1168","ObjectType":"Computer"},{"ObjectIdentifier":"S-1-5-21-2293535422-227910474-3663383505-1169","ObjectType":"Computer"},{"ObjectIdentifier":"S-1-5-21-2293535422-227910474-3663383505-1155","ObjectType":"Computer"},{"ObjectIdentifier":"S-1-5-21-2293535422-227910474-3663383505-1158","ObjectType":"Computer"},{"ObjectIdentifier":"S-1-5-21-2293535422-227910474-3663383505-1154","ObjectType":"Computer"},{"ObjectIdentifier":"S-1-5-21-2293535422-227910474-3663383505-1160","ObjectType":"Computer"},{"ObjectIdentifier":"S-1-5-21-2293535422-227910474-3663383505-1161","ObjectType":"Computer"},{"ObjectIdentifier":"S-1-5-21-2293535422-227910474-3663383505-1162","ObjectType":"Computer"},{"ObjectIdentifier":"S-1-5-21-2293535422-227910474-3663383505-1163","ObjectType":"Computer"},{"ObjectIdentifier":"S-1-5-21-2293535422-227910474-3663383505-1159","ObjectType":"Computer"},{"ObjectIdentifier":"S-1-5-21-2293535422-227910474-3663383505-1156","ObjectType":"Computer"},{"ObjectIdentifier":"S-1-5-21-2293535422-227910474-3663383505-1157","ObjectType":"Computer"}],"Aces":[{"PrincipalSID":"S-1-5-21-2293535422-227910474-3663383505-512","PrincipalType":"Group","RightName":"Owns","IsInherited":false},{"PrincipalSID":"S-1-5-21-2293535422-227910474-3663383505-512","PrincipalType":"Group","RightName":"GenericAll","IsInherited":false},{"PrincipalSID":"S-1-5-21-2293535422-227910474-3663383505-519","PrincipalType":"Group","RightName":"GenericAll","IsInherited":true},{"PrincipalSID":"XOR.COM-S-1-5-32-544","PrincipalType":"Group","RightName":"WriteDacl","IsInherited":true},{"PrincipalSID":"XOR.COM-S-1-5-32-544","PrincipalType":"Group","RightName":"WriteOwner","IsInherited":true}],"ObjectIdentifier":"EA4E61A6-994E-495E-A2C9-711B620ABF27","IsDeleted":false,"IsACLProtected":false},{"GPOChanges":{"LocalAdmins":[],"RemoteDesktopUsers":[],"DcomUsers":[],"PSRemoteUsers":[],"AffectedComputers":[]},"Properties":{"domain":"XOR.COM","name":"SERVERPERSONAL@XOR.COM","distinguishedname":"OU=SERVERPERSONAL,OU=XORUSR,DC=XOR,DC=COM","domainsid":"S-1-5-21-2293535422-227910474-3663383505","highvalue":false,"description":null,"whencreated":1558357626,"blocksinheritance":false},"Links":[{"IsEnforced":false,"GUID":"9F31AD29-DB36-4436-85F7-F6023ED1AB19"}],"ChildObjects":[{"ObjectIdentifier":"S-1-5-21-2293535422-227910474-3663383505-1122","ObjectType":"User"},{"ObjectIdentifier":"S-1-5-21-2293535422-227910474-3663383505-1119","ObjectType":"User"},{"ObjectIdentifier":"S-1-5-21-2293535422-227910474-3663383505-1120","ObjectType":"User"},{"ObjectIdentifier":"S-1-5-21-2293535422-227910474-3663383505-1121","ObjectType":"User"}],"Aces":[{"PrincipalSID":"S-1-5-21-2293535422-227910474-3663383505-512","PrincipalType":"Group","RightName":"Owns","IsInherited":false},{"PrincipalSID":"S-1-5-21-2293535422-227910474-3663383505-512","PrincipalType":"Group","RightName":"GenericAll","IsInherited":false},{"PrincipalSID":"S-1-5-21-2293535422-227910474-3663383505-519","PrincipalType":"Group","RightName":"GenericAll","IsInherited":true},{"PrincipalSID":"XOR.COM-S-1-5-32-544","PrincipalType":"Group","RightName":"WriteDacl","IsInherited":true},{"PrincipalSID":"XOR.COM-S-1-5-32-544","PrincipalType":"Group","RightName":"WriteOwner","IsInherited":true}],"ObjectIdentifier":"1408FC31-A51F-4CE2-9FB8-57C4D2A60B71","IsDeleted":false,"IsACLProtected":false},{"GPOChanges":{"LocalAdmins":[],"RemoteDesktopUsers":[],"DcomUsers":[],"PSRemoteUsers":[],"AffectedComputers":[]},"Properties":{"domain":"XOR.COM","name":"WORKSTATIONPERSONAL@XOR.COM","distinguishedname":"OU=WORKSTATIONPERSONAL,OU=XORUSR,DC=XOR,DC=COM","domainsid":"S-1-5-21-2293535422-227910474-3663383505","highvalue":false,"description":null,"whencreated":1558357626,"blocksinheritance":false},"Links":[{"IsEnforced":false,"GUID":"9DDF3573-DB30-424F-8392-06A2D7BB0775"}],"ChildObjects":[{"ObjectIdentifier":"S-1-5-21-2293535422-227910474-3663383505-1117","ObjectType":"User"},{"ObjectIdentifier":"S-1-5-21-2293535422-227910474-3663383505-1118","ObjectType":"User"},{"ObjectIdentifier":"S-1-5-21-2293535422-227910474-3663383505-1116","ObjectType":"User"}],"Aces":[{"PrincipalSID":"S-1-5-21-2293535422-227910474-3663383505-512","PrincipalType":"Group","RightName":"Owns","IsInherited":false},{"PrincipalSID":"S-1-5-21-2293535422-227910474-3663383505-512","PrincipalType":"Group","RightName":"GenericAll","IsInherited":false},{"PrincipalSID":"S-1-5-21-2293535422-227910474-3663383505-519","PrincipalType":"Group","RightName":"GenericAll","IsInherited":true},{"PrincipalSID":"XOR.COM-S-1-5-32-544","PrincipalType":"Group","RightName":"WriteDacl","IsInherited":true},{"PrincipalSID":"XOR.COM-S-1-5-32-544","PrincipalType":"Group","RightName":"WriteOwner","IsInherited":true}],"ObjectIdentifier":"4B29E34F-D5D0-4FBA-8EEF-0475B6BD50E1","IsDeleted":false,"IsACLProtected":false}],"meta":{"methods":29675,"type":"ous","count":12,"version":5}}